customer_id,2018-01-01 00:00:00+00:00,2018-02-01 00:00:00+00:00,2018-03-01 00:00:00+00:00,2018-04-01 00:00:00+00:00,2018-05-01 00:00:00+00:00,2018-06-01 00:00:00+00:00,2018-07-01 00:00:00+00:00,2018-08-01 00:00:00+00:00,2018-09-01 00:00:00+00:00,2018-10-01 00:00:00+00:00,2018-11-01 00:00:00+00:00,2018-12-01 00:00:00+00:00,2019-01-01 00:00:00+00:00,2019-02-01 00:00:00+00:00,2019-03-01 00:00:00+00:00,2019-04-01 00:00:00+00:00,2019-05-01 00:00:00+00:00,2019-06-01 00:00:00+00:00,2019-07-01 00:00:00+00:00,2019-08-01 00:00:00+00:00,2019-09-01 00:00:00+00:00,2019-10-01 00:00:00+00:00,2019-11-01 00:00:00+00:00,2019-12-01 00:00:00+00:00,2020-01-01 00:00:00+00:00,2020-02-01 00:00:00+00:00,2020-03-01 00:00:00+00:00,2020-04-01 00:00:00+00:00,2020-05-01 00:00:00+00:00,2020-06-01 00:00:00+00:00,2020-07-01 00:00:00+00:00,2020-08-01 00:00:00+00:00,2020-09-01 00:00:00+00:00,2020-10-01 00:00:00+00:00,2020-11-01 00:00:00+00:00,2020-12-01 00:00:00+00:00,2021-01-01 00:00:00+00:00,2021-02-01 00:00:00+00:00,2021-03-01 00:00:00+00:00,2021-04-01 00:00:00+00:00,2021-05-01 00:00:00+00:00,2021-06-01 00:00:00+00:00,2021-07-01 00:00:00+00:00,2021-08-01 00:00:00+00:00,2021-09-01 00:00:00+00:00,2021-10-01 00:00:00+00:00,2021-11-01 00:00:00+00:00,2021-12-01 00:00:00+00:00,2022-01-01 00:00:00+00:00,2022-02-01 00:00:00+00:00,2022-03-01 00:00:00+00:00,2022-04-01 00:00:00+00:00,2022-05-01 00:00:00+00:00,2022-06-01 00:00:00+00:00,2022-07-01 00:00:00+00:00,2022-08-01 00:00:00+00:00,2022-09-01 00:00:00+00:00,2022-10-01 00:00:00+00:00,2022-11-01 00:00:00+00:00,2022-12-01 00:00:00+00:00
4,0.0,0.0,0.0,0.0,0.0,0.0,0.0,0.0,0.0,0.0,0.0,0.0,0.0,0.0,0.0,0.0,0.0,0.0,0.0,0.0,0.0,0.0,0.0,0.0,0.0,0.0,0.0,0.0,0.0,0.0,0.0,0.0,0.0,0.0,0.0,0.0,0.0,0.0,0.0,0.0,0.0,0.0,0.0,0.0,0.0,0.0,0.0,0.0,0.0,0.0,0.0,0.0,0.0,0.0,0.0,,,,,
8,,0.0,0.0,,0.0,0.0,0.0,0.0,,0.0,0.0,,0.0,0.0,0.0,0.0,0.0,0.0,0.0,,0.0,,0.0,,0.0,,0.0,0.0,,0.0,,0.0,,0.0,0.0,,0.0,,0.0,0.0,0.0,0.0,0.0,0.0,0.0,0.0,0.0,0.0,0.0,0.0,0.0,0.0,0.0,0.0,0.0,,,,,
16,,0.0,,,0.0,,,,,,,,0.0,,,0.0,0.0,0.0,0.0,0.0,0.0,,,0.0,,,0.0,0.0,,0.0,,,0.0,,,0.0,,,3.75,,,,,,,0.0,,0.0,,8.75,,,23.75,0.0,0.0,,,,,
25,,0.0,,0.0,0.0,0.0,0.0,0.0,0.0,0.0,,0.0,,,,,,,0.0,,,,,,,,,,,,,,,,,,,,,,,,,,,,0.0,,,0.0,,0.0,0.0,,0.0,,,,,
29,0.0,0.0,0.0,0.0,0.0,0.0,0.0,0.0,0.0,0.0,0.0,0.0,0.0,0.0,0.0,0.0,0.0,0.0,0.0,0.0,0.0,0.0,0.0,0.0,0.0,0.0,0.0,0.0,0.0,0.0,0.0,0.0,0.0,,,,0.0,0.0,0.0,0.0,0.0,0.0,0.0,0.0,0.0,0.0,0.0,0.0,0.0,0.0,0.0,0.0,0.0,0.0,0.0,,,,,
30,0.0,0.0,0.0,0.0,0.0,0.0,0.0,0.0,0.0,0.0,0.0,0.0,0.0,0.0,0.0,0.0,0.0,0.0,40.0,0.0,0.0,0.0,0.0,0.0,0.0,0.0,35.0,0.0,0.0,0.0,0.0,0.0,0.0,0.0,0.0,0.0,0.0,0.0,0.0,0.0,0.0,0.0,0.0,0.0,0.0,0.0,0.0,0.0,0.0,0.0,0.0,0.0,0.0,0.0,0.0,,,,,
31,0.0,0.0,0.0,0.0,0.0,0.0,0.0,0.0,0.0,0.0,0.0,0.0,1820.0,0.0,0.0,0.0,0.0,0.0,0.0,0.0,0.0,0.0,0.0,0.0,0.0,0.0,0.0,0.0,0.0,0.0,0.0,0.0,0.0,0.0,0.0,0.0,0.0,0.0,0.0,0.0,0.0,0.0,0.0,0.0,0.0,0.0,0.0,0.0,0.0,0.0,0.0,0.0,0.0,0.0,0.0,,,,,
35,0.0,0.0,0.0,0.0,0.0,0.0,0.0,0.0,0.0,0.0,2699.25,2615.13,3302.22,0.0,0.0,0.0,0.0,0.0,3048.0,0.0,0.0,0.0,0.0,0.0,0.0,0.0,0.0,0.0,0.0,0.0,2880.0,2880.0,0.0,0.0,0.0,2160.0,2880.0,0.0,3600.0,0.0,0.0,2880.0,0.0,3600.0,2880.0,1440.0,2160.0,0.0,2310.0,0.0,2600.0,2160.0,3600.0,2640.0,2880.0,2160.0,,,,
37,0.0,0.0,0.0,0.0,0.0,0.0,0.0,0.0,0.0,0.0,0.0,0.0,0.0,0.0,0.0,0.0,0.0,0.0,0.0,0.0,0.0,0.0,0.0,0.0,0.0,0.0,0.0,0.0,0.0,0.0,0.0,0.0,0.0,0.0,0.0,0.0,0.0,0.0,0.0,0.0,0.0,0.0,0.0,0.0,0.0,0.0,0.0,0.0,47.5,0.0,0.0,0.0,0.0,0.0,0.0,,,,,
43,,0.0,0.0,,,0.0,,0.0,,0.0,,,23.75,,23.75,,23.75,,23.75,,23.75,,23.75,,,23.75,,0.0,,0.0,,0.0,0.0,,,,0.0,,0.0,0.0,0.0,,0.0,0.0,23.75,0.0,0.0,0.0,0.0,0.0,0.0,0.0,0.0,23.75,0.0,,,,,
47,0.0,0.0,0.0,0.0,0.0,0.0,0.0,0.0,0.0,0.0,0.0,0.0,0.0,0.0,0.0,0.0,0.0,0.0,0.0,0.0,0.0,0.0,0.0,0.0,0.0,0.0,0.0,0.0,0.0,0.0,0.0,0.0,0.0,0.0,,0.0,,0.0,0.0,0.0,0.0,0.0,0.0,0.0,0.0,0.0,0.0,0.0,0.0,0.0,0.0,0.0,0.0,0.0,0.0,,,,,
49,,,,,,,,0.0,0.0,0.0,0.0,0.0,0.0,0.0,0.0,0.0,0.0,0.0,26.0,26.0,0.0,0.0,0.0,0.0,0.0,0.0,0.0,0.0,0.0,0.0,0.0,0.0,0.0,0.0,0.0,0.0,0.0,0.0,0.0,0.0,0.0,0.0,0.0,0.0,0.0,0.0,0.0,0.0,0.0,0.0,0.0,0.0,0.0,0.0,0.0,,,,,
50,,,,0.0,,,,,0.0,0.0,0.0,,23.75,0.0,0.0,,0.0,,,,0.0,,,0.0,,,,,,,0.0,,,,,,,,0.0,0.0,,,0.0,,0.0,,,0.0,0.0,0.0,0.0,0.0,0.0,0.0,0.0,,,,,
52,0.0,,0.0,0.0,0.0,0.0,0.0,0.0,0.0,0.0,0.0,0.0,0.0,0.0,0.0,0.0,0.0,,0.0,,0.0,0.0,0.0,0.0,0.0,0.0,0.0,0.0,0.0,0.0,0.0,,0.0,0.0,,0.0,0.0,0.0,0.0,0.0,0.0,0.0,0.0,0.0,0.0,0.0,0.0,0.0,0.0,0.0,0.0,0.0,0.0,0.0,0.0,,,,,
53,,,,,,,,,,,,,,,,,,,,,,,,,,,,,,,,,0.0,0.0,0.0,52.0,0.0,0.0,0.0,0.0,0.0,0.0,0.0,0.0,0.0,0.0,0.0,0.0,0.0,0.0,0.0,0.0,0.0,0.0,0.0,,,,,
54,0.0,0.0,0.0,0.0,0.0,0.0,0.0,0.0,0.0,0.0,0.0,0.0,0.0,0.0,0.0,570.0,0.0,0.0,0.0,0.0,0.0,0.0,0.0,0.0,0.0,0.0,0.0,0.0,0.0,0.0,0.0,0.0,0.0,0.0,0.0,50.0,0.0,0.0,0.0,0.0,0.0,0.0,0.0,0.0,0.0,0.0,0.0,0.0,0.0,0.0,0.0,0.0,0.0,0.0,0.0,,,,,
55,,,,,,0.0,,,,0.0,,,,,,,,,,0.0,,,,0.0,,,,0.0,,,,,,0.0,,,23.75,,,0.0,0.0,0.0,0.0,0.0,0.0,0.0,0.0,23.75,,0.0,0.0,0.0,0.0,0.0,0.0,,,,,
56,0.0,0.0,0.0,0.0,0.0,0.0,0.0,0.0,0.0,0.0,0.0,0.0,0.0,0.0,0.0,0.0,0.0,0.0,0.0,0.0,26.0,0.0,0.0,0.0,0.0,0.0,0.0,0.0,0.0,0.0,0.0,0.0,0.0,0.0,0.0,0.0,0.0,0.0,0.0,0.0,0.0,0.0,0.0,0.0,0.0,0.0,0.0,0.0,0.0,0.0,0.0,0.0,0.0,0.0,0.0,,,,,
63,0.0,0.0,0.0,0.0,0.0,0.0,0.0,0.0,0.0,0.0,0.0,0.0,0.0,0.0,0.0,0.0,0.0,0.0,0.0,0.0,0.0,0.0,0.0,0.0,0.0,0.0,0.0,0.0,0.0,0.0,0.0,0.0,0.0,0.0,0.0,0.0,0.0,0.0,0.0,0.0,0.0,0.0,0.0,0.0,0.0,0.0,0.0,0.0,0.0,0.0,0.0,0.0,0.0,0.0,0.0,,,,,
67,,,,,0.0,,,,0.0,0.0,0.0,23.75,23.75,,,23.75,,23.75,23.75,,,,,23.75,23.75,,23.75,,23.75,0.0,0.0,,23.75,23.75,23.75,23.75,,,23.75,23.75,23.75,,0.0,,,0.0,0.0,,0.0,23.75,23.75,0.0,23.75,23.75,0.0,23.75,,,,
70,0.0,0.0,0.0,0.0,0.0,0.0,0.0,0.0,0.0,0.0,0.0,0.0,390.0,0.0,0.0,0.0,0.0,0.0,0.0,0.0,0.0,0.0,0.0,0.0,0.0,0.0,0.0,,,0.0,0.0,0.0,0.0,0.0,0.0,0.0,494.0,0.0,0.0,0.0,0.0,0.0,0.0,0.0,0.0,0.0,0.0,0.0,208.0,0.0,208.0,0.0,0.0,0.0,0.0,,,,,
74,,,0.0,0.0,0.0,0.0,,0.0,0.0,0.0,0.0,,,,,,0.0,23.75,23.75,23.75,23.75,23.75,47.5,,,,23.75,,23.75,0.0,23.75,,23.75,,,,,0.0,,0.0,0.0,,,,0.0,,0.0,,0.0,0.0,0.0,0.0,23.75,23.75,0.0,,,,,
75,0.0,0.0,0.0,0.0,0.0,0.0,0.0,0.0,0.0,0.0,0.0,0.0,182.0,0.0,0.0,0.0,0.0,182.0,234.0,0.0,0.0,234.0,0.0,0.0,260.0,0.0,0.0,0.0,0.0,0.0,0.0,0.0,0.0,0.0,0.0,0.0,0.0,0.0,0.0,0.0,0.0,0.0,0.0,0.0,0.0,0.0,0.0,0.0,0.0,0.0,0.0,0.0,0.0,0.0,0.0,,,,,
79,0.0,0.0,0.0,0.0,0.0,0.0,0.0,0.0,0.0,0.0,0.0,47.5,23.75,0.0,0.0,0.0,23.75,47.5,0.0,23.75,23.75,47.5,0.0,23.75,23.75,0.0,0.0,0.0,23.75,0.0,23.75,23.75,47.5,0.0,23.75,0.0,47.5,23.75,47.5,23.75,47.5,23.75,47.5,0.0,47.5,23.75,0.0,47.5,47.5,47.5,23.75,71.25,47.5,47.5,71.25,47.5,71.25,47.5,47.5,47.5
82,0.0,0.0,0.0,0.0,0.0,0.0,0.0,0.0,0.0,0.0,0.0,0.0,0.0,0.0,0.0,0.0,0.0,0.0,0.0,0.0,0.0,0.0,0.0,0.0,0.0,0.0,0.0,0.0,0.0,0.0,0.0,0.0,0.0,0.0,0.0,0.0,0.0,0.0,0.0,0.0,0.0,0.0,0.0,0.0,0.0,0.0,0.0,0.0,0.0,0.0,0.0,0.0,0.0,0.0,0.0,,,,,
101,,,,0.0,,0.0,,,,,,,,,,,,0.0,,,,,0.0,,,,,,,,,,0.0,,,,,0.0,0.0,,0.0,,,24.5,,0.0,0.0,,,0.0,0.0,0.0,0.0,,0.0,,,,,
102,,0.0,0.0,,0.0,0.0,,,,0.0,0.0,24.5,0.0,,0.0,0.0,0.0,,11.025,,0.0,,0.0,0.0,,0.0,0.0,,,0.0,0.0,,0.0,,0.0,0.0,0.0,0.0,0.0,0.0,0.0,0.0,12.25,23.275,24.5,0.0,0.0,0.0,0.0,0.0,47.775,24.5,22.05,0.0,0.0,,,,,
103,0.0,,0.0,,0.0,0.0,0.0,0.0,,0.0,,,0.0,0.0,0.0,0.0,0.0,,12.5,,0.0,0.0,0.0,0.0,,0.0,0.0,,,0.0,0.0,,0.0,,0.0,0.0,,0.0,0.0,0.0,0.0,0.0,11.25,0.0,0.0,0.0,0.0,0.0,0.0,0.0,0.0,0.0,0.0,23.75,0.0,,,,,
107,0.0,0.0,0.0,0.0,0.0,0.0,,0.0,0.0,0.0,0.0,47.5,,,0.0,0.0,0.0,0.0,23.275,,32.5,,0.0,41.25,,,15.0,0.0,,0.0,0.0,0.0,0.0,0.0,0.0,,0.0,0.0,0.0,0.0,0.0,47.5,18.75,23.75,23.75,20.0,0.0,43.75,0.0,0.0,0.0,17.5,88.75,23.75,23.75,,,,,
115,0.0,0.0,0.0,,0.0,,0.0,0.0,,0.0,0.0,,0.0,,0.0,,0.0,,0.0,,0.0,,0.0,0.0,,,23.75,0.0,,,23.75,,23.75,,0.0,,0.0,,0.0,0.0,0.0,,23.75,23.75,0.0,23.75,23.75,,23.75,23.75,23.75,0.0,0.0,23.75,0.0,,,,,
117,0.0,0.0,0.0,0.0,0.0,0.0,0.0,0.0,0.0,0.0,0.0,0.0,0.0,0.0,0.0,0.0,0.0,0.0,0.0,52.0,0.0,0.0,0.0,0.0,0.0,0.0,0.0,0.0,0.0,0.0,0.0,0.0,0.0,0.0,0.0,0.0,0.0,0.0,0.0,0.0,0.0,0.0,0.0,0.0,0.0,0.0,0.0,0.0,0.0,0.0,0.0,0.0,0.0,0.0,0.0,,,,,
118,0.0,0.0,0.0,0.0,0.0,0.0,0.0,0.0,0.0,0.0,0.0,0.0,26.0,0.0,0.0,0.0,0.0,0.0,0.0,52.0,0.0,0.0,0.0,0.0,0.0,0.0,0.0,0.0,0.0,0.0,0.0,0.0,0.0,0.0,0.0,0.0,0.0,0.0,0.0,0.0,0.0,0.0,0.0,52.0,0.0,0.0,0.0,0.0,0.0,0.0,0.0,0.0,0.0,0.0,0.0,,,,,
119,,,,,0.0,,,,0.0,,,,,0.0,,,,,,0.0,,,,0.0,,,,,,,,0.0,,,,0.0,,,,0.0,,,0.0,,,0.0,,,23.75,,,,0.0,0.0,0.0,,,,,
121,,0.0,,,,,0.0,,0.0,,,0.0,,,0.0,,0.0,,0.0,,0.0,,0.0,0.0,,,,,,,0.0,,,,,,0.0,,,0.0,0.0,0.0,0.0,0.0,0.0,0.0,0.0,0.0,,0.0,0.0,0.0,0.0,23.275,0.0,23.275,,,,
122,0.0,0.0,0.0,,0.0,,0.0,0.0,0.0,0.0,0.0,0.0,0.0,0.0,0.0,0.0,0.0,0.0,0.0,0.0,0.0,0.0,0.0,0.0,,0.0,0.0,0.0,0.0,0.0,0.0,0.0,0.0,0.0,0.0,0.0,0.0,0.0,0.0,0.0,0.0,0.0,0.0,0.0,23.75,0.0,0.0,12.5,23.75,0.0,0.0,23.75,0.0,0.0,0.0,,,,,
123,,,,,0.0,,0.0,,0.0,,0.0,0.0,0.0,0.0,0.0,0.0,0.0,,0.0,,0.0,0.0,0.0,0.0,,0.0,,0.0,,,,,,0.0,0.0,0.0,0.0,0.0,0.0,0.0,0.0,0.0,0.0,0.0,0.0,0.0,0.0,11.25,0.0,0.0,0.0,0.0,0.0,0.0,0.0,,,,,
124,0.0,0.0,0.0,0.0,0.0,0.0,0.0,0.0,0.0,0.0,0.0,0.0,0.0,0.0,0.0,0.0,0.0,0.0,0.0,0.0,0.0,0.0,0.0,0.0,0.0,0.0,0.0,0.0,0.0,0.0,0.0,0.0,0.0,0.0,0.0,0.0,0.0,0.0,0.0,0.0,0.0,0.0,23.75,0.0,0.0,0.0,0.0,0.0,0.0,0.0,0.0,0.0,0.0,0.0,0.0,,,,,
125,0.0,0.0,0.0,0.0,0.0,0.0,0.0,0.0,0.0,0.0,0.0,0.0,0.0,0.0,0.0,0.0,0.0,0.0,0.0,0.0,,0.0,0.0,0.0,0.0,0.0,0.0,0.0,0.0,0.0,0.0,0.0,0.0,0.0,0.0,0.0,0.0,0.0,0.0,0.0,0.0,0.0,0.0,0.0,0.0,0.0,0.0,0.0,0.0,0.0,0.0,0.0,0.0,0.0,0.0,,,,,
130,0.0,,0.0,0.0,0.0,0.0,0.0,0.0,,0.0,0.0,0.0,,0.0,0.0,0.0,0.0,0.0,0.0,0.0,0.0,0.0,0.0,0.0,0.0,0.0,0.0,,0.0,0.0,0.0,0.0,0.0,0.0,0.0,0.0,0.0,23.75,0.0,0.0,0.0,0.0,23.75,71.25,95.0,95.0,142.5,95.0,118.75,0.0,0.0,0.0,0.0,118.75,118.75,,,,,
131,0.0,0.0,0.0,0.0,0.0,0.0,0.0,,0.0,0.0,0.0,0.0,,0.0,0.0,0.0,0.0,0.0,0.0,0.0,,0.0,0.0,0.0,0.0,0.0,0.0,,0.0,0.0,0.0,0.0,0.0,0.0,0.0,0.0,0.0,47.5,0.0,0.0,0.0,0.0,0.0,47.5,47.5,0.0,47.5,23.75,71.25,0.0,0.0,0.0,23.75,71.25,23.75,23.75,,,,
136,,,,,,,,,0.0,0.0,0.0,56.7,0.0,0.0,78.0,78.0,0.0,0.0,104.0,104.0,130.0,104.0,104.0,104.0,78.0,78.0,130.0,104.0,104.0,78.0,26.0,0.0,130.0,78.0,130.0,104.0,104.0,104.0,130.0,104.0,78.0,26.0,0.0,104.0,260.0,208.0,260.0,180.999,234.0,208.0,260.0,208.0,182.0,260.0,208.0,,,,,
137,,,,,,,,,,,,,,,,0.0,,0.0,,0.0,0.0,0.0,0.0,0.0,,0.0,0.0,,0.0,,0.0,,0.0,0.0,0.0,0.0,0.0,0.0,0.0,0.0,0.0,,0.0,0.0,0.0,0.0,0.0,0.0,0.0,0.0,23.75,0.0,0.0,0.0,0.0,,,,,
141,,,,,,,,,,,,,,,0.0,,,,,,,,,,,,,,,,,,,,,,,,,6.25,0.0,5.0,0.0,0.0,0.0,0.0,0.0,0.0,0.0,0.0,0.0,0.0,0.0,12.5,13.75,,,,,
142,,,,,,,,,,,,,,0.0,,12.25,0.0,,0.0,,9.8,,,0.0,24.5,,12.25,24.5,24.5,,,,,,,13.475,0.0,,12.25,0.0,0.0,0.0,19.6,0.0,0.0,0.0,,0.0,0.0,0.0,0.0,4.9,0.0,0.0,24.5,,,,,
144,,,,,,,,,,,,,,,,12.5,,0.0,0.0,,15.0,,,,0.0,,12.5,,,0.0,0.0,,5.0,21.25,,0.0,0.0,0.0,0.0,0.0,0.0,0.0,13.75,0.0,0.0,0.0,,0.0,24.0,0.0,0.0,18.75,0.0,0.0,25.0,,,,,
146,,0.0,,0.0,0.0,0.0,0.0,,0.0,0.0,,,0.0,18.375,,,,0.0,,,0.0,,0.0,,0.0,0.0,47.5,0.0,,,,0.0,0.0,,0.0,0.0,25.0,,0.0,50.0,0.0,0.0,48.75,0.0,0.0,0.0,23.75,0.0,0.0,47.5,0.0,0.0,23.75,0.0,25.0,25.0,,,,
148,0.0,,,0.0,,,0.0,,,,0.0,,,0.0,,0.0,,0.0,,,,0.0,,,,0.0,,,,0.0,,,,0.0,,0.0,,,0.0,0.0,0.0,0.0,0.0,0.0,0.0,0.0,0.0,15.0,0.0,0.0,0.0,0.0,0.0,0.0,0.0,,,,,
152,,,,,,,,,,,,,,,,,0.0,0.0,2640.0,1320.0,0.0,1320.0,1320.0,1020.0,1380.0,2640.0,2640.0,1320.0,1320.0,900.0,1080.0,2640.0,1320.0,2640.0,1320.0,2640.0,2640.0,1320.0,2640.0,3960.0,2640.0,1980.0,960.0,2640.0,2640.0,2640.0,2280.0,2340.0,2400.0,2400.0,2640.0,783.5,0.0,960.0,2640.0,,,,,
153,,,,,,,,,,,,,,,,,,,,,,,,,,,,,,,,,,,,,390.0,0.0,450.0,240.0,150.0,405.0,240.0,150.0,360.0,390.0,300.0,210.0,270.0,270.0,450.0,420.0,270.0,390.0,390.0,,,,,
154,,,,,,,,,,,,,,,,,210.0,0.0,0.0,0.0,0.0,0.0,0.0,0.0,0.0,0.0,0.0,0.0,0.0,288.0,0.0,0.0,240.0,0.0,0.0,0.0,0.0,0.0,,0.0,0.0,0.0,120.0,0.0,300.0,0.0,0.0,0.0,210.0,0.0,0.0,0.0,0.0,0.0,0.0,,,,,
155,,,,,,,,,,,,,,,,0.0,985.02,0.0,0.0,810.0,0.0,960.0,0.0,0.0,750.0,0.0,0.0,0.0,0.0,0.0,0.0,0.0,0.0,780.0,0.0,840.0,750.0,0.0,0.0,870.0,990.0,0.0,585.0,0.0,960.0,0.0,0.0,0.0,630.0,0.0,630.0,0.0,0.0,720.0,0.0,,,,,
156,,,,,,,,,,,,,,,,,0.0,690.0,0.0,0.0,0.0,780.0,0.0,630.0,570.0,0.0,480.0,270.0,60.0,802.0,624.0,712.0,930.0,0.0,0.0,870.0,1260.0,0.0,0.0,1020.0,1080.0,740.0,350.0,0.0,60.0,0.0,865.0,510.0,450.0,0.0,0.0,0.0,240.0,0.0,330.0,,,,,
158,0.0,0.0,0.0,0.0,0.0,,,,,0.0,0.0,0.0,0.0,0.0,0.0,,0.0,0.0,0.0,,0.0,0.0,0.0,0.0,30.0,0.0,,,,0.0,0.0,,0.0,0.0,0.0,0.0,0.0,0.0,0.0,0.0,0.0,0.0,0.0,0.0,0.0,0.0,0.0,0.0,0.0,0.0,0.0,0.0,0.0,0.0,0.0,,,,,
159,0.0,0.0,0.0,0.0,0.0,0.0,0.0,0.0,0.0,0.0,0.0,90.0,1800.0,0.0,0.0,0.0,150.0,0.0,3390.0,120.0,2400.0,0.0,120.0,1290.0,0.0,0.0,0.0,1260.0,1260.0,2385.0,2650.0,2530.0,1445.0,3460.0,1265.0,1895.0,2850.0,1470.0,690.0,600.0,930.0,660.0,180.0,630.0,0.0,360.0,0.0,90.0,0.0,420.0,390.0,540.0,660.0,360.0,0.0,,,,,
161,,,0.0,,0.0,,,,,,,0.0,,,0.0,,,,,,0.0,,,,,,,,0.0,,,,,0.0,,,0.0,,,0.0,0.0,0.0,0.0,0.0,0.0,0.0,0.0,0.0,0.0,0.0,0.0,0.0,0.0,0.0,0.0,,,,,
163,0.0,,,0.0,,0.0,0.0,,,,,,0.0,,,,,0.0,0.0,,,,,,0.0,,2.45,,,,,,,,0.0,7.35,7.35,,7.35,0.0,0.0,0.0,0.0,0.0,0.0,0.0,0.0,0.0,0.0,0.0,0.0,0.0,0.0,0.0,0.0,,,,,
165,0.0,,0.0,0.0,0.0,0.0,0.0,0.0,,,,,0.0,0.0,0.0,,,0.0,0.0,,,0.0,0.0,,0.0,,,,,,0.0,,,,0.0,10.0,10.0,,0.0,0.0,0.0,10.0,15.0,0.0,0.0,0.0,0.0,0.0,0.0,0.0,0.0,0.0,0.0,0.0,0.0,,,,,
169,0.0,,0.0,0.0,0.0,,0.0,,,,,,0.0,,0.0,,,,24.5,,11.025,,,,,0.0,0.0,,18.375,,,,,,,14.7,,,,0.0,0.0,0.0,0.0,0.0,0.0,0.0,0.0,0.0,0.0,0.0,0.0,0.0,0.0,0.0,0.0,,,,,
170,,,0.0,0.0,0.0,,0.0,,,,,,,,0.0,,,,,,12.5,,,,,0.0,0.0,,0.0,0.0,,,,0.0,,10.0,,0.0,,0.0,0.0,0.0,0.0,0.0,0.0,0.0,0.0,0.0,0.0,0.0,0.0,0.0,0.0,0.0,0.0,,,,,
171,0.0,,,,0.0,,,0.0,,,,0.0,,0.0,,7.35,,0.0,,,0.0,,,,,,,9.8,0.0,,,,,0.0,8.575,,,,,0.0,0.0,0.0,0.0,0.0,0.0,0.0,0.0,0.0,0.0,0.0,0.0,0.0,0.0,0.0,0.0,,,,,
172,,0.0,,,0.0,,0.0,,,,,,,0.0,,12.5,,0.0,,0.0,,,,,16.25,,,0.0,0.0,0.0,,,,17.5,,,0.0,,0.0,0.0,0.0,0.0,0.0,0.0,0.0,0.0,0.0,0.0,0.0,0.0,0.0,0.0,0.0,0.0,0.0,,,,,
173,,,0.0,,0.0,,0.0,0.0,,,0.0,,0.0,0.0,,0.0,,0.0,,7.35,,0.0,,0.0,0.0,,0.0,,,,0.0,,12.25,,0.0,0.0,,0.0,,0.0,0.0,0.0,0.0,0.0,0.0,0.0,0.0,0.0,11.025,0.0,0.0,11.025,0.0,0.0,11.025,,,,,
174,0.0,,0.0,,0.0,,0.0,0.0,,,0.0,,10.0,0.0,,0.0,,0.0,,11.25,,0.0,,0.0,0.0,,0.0,,,,0.0,,10.0,,0.0,0.0,,0.0,,0.0,0.0,0.0,0.0,0.0,0.0,0.0,0.0,0.0,10.0,0.0,0.0,8.57,0.0,0.0,8.75,,,,,
179,0.0,0.0,0.0,0.0,0.0,0.0,0.0,0.0,0.0,0.0,0.0,0.0,0.0,0.0,0.0,3000.0,0.0,0.0,0.0,0.0,0.0,2640.0,2640.0,0.0,2610.0,0.0,2160.0,0.0,300.0,3240.0,3240.0,2760.0,3000.0,3420.0,3120.0,3660.0,2700.0,1260.0,1980.0,2160.0,1560.0,2340.0,1260.0,2100.0,0.0,1740.0,900.0,1860.0,1560.0,1440.0,1620.0,1620.0,1680.0,0.0,1800.0,1620.0,,,,
183,0.0,0.0,0.0,0.0,0.0,0.0,0.0,0.0,0.0,0.0,0.0,0.0,60.0,0.0,0.0,0.0,0.0,0.0,0.0,0.0,0.0,0.0,0.0,0.0,30.0,0.0,0.0,0.0,0.0,0.0,0.0,0.0,0.0,0.0,0.0,0.0,0.0,0.0,0.0,0.0,0.0,0.0,0.0,0.0,0.0,0.0,0.0,0.0,0.0,0.0,0.0,0.0,0.0,0.0,0.0,,,,,
185,0.0,0.0,0.0,0.0,0.0,0.0,0.0,0.0,0.0,0.0,0.0,0.0,0.0,0.0,0.0,0.0,0.0,0.0,0.0,0.0,390.0,1170.0,420.0,0.0,1140.0,0.0,0.0,0.0,0.0,0.0,0.0,0.0,0.0,30.0,1170.0,1230.0,930.0,0.0,2040.0,0.0,1080.0,0.0,30.0,0.0,1170.0,0.0,780.0,840.0,780.0,0.0,900.0,600.0,510.0,810.0,0.0,,,,,
188,,0.0,,,0.0,,0.0,0.0,,,25.0,,0.0,,0.0,,0.0,,25.0,,0.0,,0.0,,0.0,,25.0,,0.0,,,0.0,,0.0,,0.0,,0.0,,0.0,0.0,25.0,0.0,25.0,0.0,0.0,25.0,0.0,25.0,0.0,0.0,0.0,0.0,0.0,25.0,,,,,
189,,,,,,,,,,,,,,,,,,,,,,,,,,,,,,,,,,,,,,,,0.0,0.0,0.0,0.0,0.0,0.0,0.0,0.0,0.0,0.0,0.0,0.0,0.0,0.0,0.0,0.0,,,,,
193,0.0,0.0,0.0,0.0,0.0,0.0,0.0,0.0,0.0,0.0,0.0,0.0,0.0,0.0,0.0,930.0,0.0,240.0,270.0,570.0,0.0,0.0,0.0,210.0,300.0,0.0,600.0,180.0,0.0,210.0,120.0,120.0,210.0,0.0,0.0,0.0,30.0,0.0,0.0,0.0,0.0,,,0.0,210.0,150.0,90.0,90.0,180.0,0.0,0.0,0.0,0.0,240.0,150.0,,,,,
197,,,,,,,,,,,,,,,,,,,,,,,,,,,24.5,,,24.5,,,24.5,,24.5,,24.5,,24.5,49.0,,24.5,24.5,,0.0,24.5,24.5,,24.5,0.0,0.0,,0.0,,0.0,,24.5,,,
198,,,,0.0,,,0.0,,0.0,,0.0,,,0.0,,0.0,,,,0.0,0.0,,0.0,,25.0,0.0,,25.0,0.0,0.0,0.0,,25.0,,,25.0,,25.0,0.0,0.0,0.0,0.0,25.0,0.0,0.0,0.0,0.0,0.0,0.0,0.0,0.0,0.0,0.0,0.0,0.0,,,,,
199,0.0,0.0,0.0,0.0,0.0,0.0,0.0,0.0,0.0,0.0,0.0,0.0,300.0,0.0,0.0,0.0,0.0,,0.0,0.0,0.0,,,0.0,510.0,0.0,0.0,0.0,0.0,0.0,0.0,0.0,0.0,0.0,0.0,0.0,300.0,0.0,,0.0,0.0,,0.0,0.0,0.0,0.0,120.0,0.0,0.0,0.0,0.0,0.0,0.0,0.0,0.0,,,,,
200,0.0,0.0,0.0,0.0,0.0,0.0,0.0,0.0,0.0,0.0,0.0,1460.0,2360.0,1800.0,1960.0,600.0,1010.0,1190.0,1320.0,1520.0,2050.0,1640.0,0.0,1240.0,1425.0,0.0,0.0,1370.0,0.0,,0.0,0.0,110.0,0.0,0.0,990.0,770.0,0.0,2060.0,880.0,1430.0,0.0,0.0,0.0,0.0,0.0,0.0,120.0,1540.0,0.0,1285.0,0.0,1420.0,0.0,1160.0,,,,,
202,,0.0,0.0,0.0,0.0,0.0,,0.0,0.0,,,,,,,0.0,,0.0,0.0,,,,,,3.675,0.0,,,,0.0,,0.0,,0.0,,,,,,,,,,,,,,,0.0,0.0,0.0,0.0,0.0,0.0,0.0,,,,,
203,0.0,0.0,0.0,0.0,0.0,0.0,0.0,,0.0,0.0,,,18.75,0.0,,0.0,18.75,0.0,0.0,,,0.0,,,15.0,0.0,0.0,,0.0,,0.0,0.0,,0.0,,,,,,0.0,0.0,0.0,0.0,0.0,0.0,0.0,0.0,0.0,0.0,0.0,0.0,0.0,0.0,0.0,0.0,,,,,
209,0.0,,0.0,0.0,,0.0,,0.0,,,0.0,,,,0.0,,,,,,0.0,,,,,,,,0.0,,0.0,,,,,,,0.0,,0.0,0.0,0.0,0.0,0.0,0.0,0.0,0.0,0.0,0.0,0.0,0.0,0.0,0.0,0.0,0.0,,,,,
210,0.0,,0.0,0.0,,,,0.0,,,0.0,,,0.0,0.0,,,,,,0.0,0.0,,,,,0.0,,18.75,,17.5,,,0.0,,,0.0,0.0,0.0,0.0,0.0,0.0,0.0,12.5,0.0,0.0,0.0,0.0,0.0,0.0,0.0,21.25,0.0,0.0,0.0,,,,,
215,,,0.0,0.0,0.0,0.0,0.0,0.0,0.0,0.0,180.0,0.0,720.0,0.0,0.0,0.0,0.0,0.0,0.0,0.0,0.0,0.0,0.0,0.0,0.0,0.0,0.0,0.0,0.0,0.0,0.0,0.0,0.0,0.0,0.0,0.0,0.0,0.0,0.0,0.0,0.0,0.0,0.0,0.0,0.0,0.0,0.0,0.0,0.0,0.0,0.0,0.0,0.0,0.0,0.0,,,,,
216,0.0,0.0,0.0,0.0,0.0,0.0,0.0,0.0,0.0,0.0,0.0,0.0,0.0,0.0,0.0,0.0,0.0,0.0,0.0,0.0,0.0,0.0,0.0,30.0,30.0,0.0,0.0,0.0,0.0,30.0,30.0,,0.0,0.0,0.0,0.0,0.0,0.0,0.0,0.0,0.0,0.0,0.0,0.0,30.0,0.0,0.0,30.0,0.0,0.0,0.0,0.0,0.0,0.0,30.0,,,,,
217,,,,,,,,,,,,,,,,,,,,,,,,,,,,,,,,,,,,,39.999,0.0,0.0,0.0,0.0,0.0,,,,0.0,0.0,0.0,20.0,0.0,0.0,0.0,0.0,0.0,0.0,,,,,
218,0.0,0.0,0.0,,,,,,,,,,,,,,0.0,0.0,0.0,0.0,0.0,1991.4,1500.0,0.0,840.0,0.0,1440.0,,,0.0,1440.0,1800.0,1320.0,1440.0,1800.0,1260.0,1380.0,1500.0,1860.0,1440.0,1800.0,1500.0,300.0,1680.0,0.0,1320.0,960.0,1080.0,1440.0,1440.0,1440.0,1380.0,1200.0,0.0,1380.0,1500.0,,,,
227,,0.0,,,,,,,0.0,,,,,,,25.0,,,,,,,,,0.0,,,,,,,,,,,25.0,,,,,,,0.0,,,,0.0,0.0,0.0,0.0,0.0,0.0,0.0,0.0,0.0,,,,,
229,,,0.0,,0.0,0.0,0.0,,,,17.5,,,10.0,0.0,0.0,0.0,0.0,,0.0,,0.0,7.0,0.0,0.0,0.0,9.0,,3.75,0.0,0.0,,5.0,0.0,,11.25,,,0.0,0.0,6.25,0.0,8.75,0.0,0.0,16.25,0.0,0.0,11.25,0.0,25.0,0.0,11.25,0.0,10.0,,,,,
230,0.0,,0.0,0.0,,,0.0,,0.0,,,0.0,,,,0.0,,0.0,,,,,,,,,,,,,,,,,,,,0.0,,0.0,0.0,0.0,0.0,0.0,0.0,0.0,9.8,0.0,0.0,5.0,0.0,0.0,0.0,4.9,0.0,,,,,
231,0.0,0.0,0.0,0.0,,,,,0.0,,,,,3.75,,,,,,0.0,,,,,,0.0,,,,,,,,,,,,0.0,,0.0,0.0,0.0,0.0,0.0,0.0,0.0,5.0,0.0,0.0,0.0,0.0,0.0,0.0,11.25,0.0,,,,,
240,0.0,0.0,0.0,0.0,0.0,0.0,0.0,0.0,0.0,0.0,0.0,0.0,0.0,0.0,0.0,0.0,0.0,0.0,0.0,0.0,90.0,0.0,0.0,0.0,0.0,0.0,0.0,0.0,0.0,0.0,0.0,0.0,90.0,0.0,0.0,90.0,90.0,0.0,0.0,0.0,0.0,0.0,0.0,0.0,120.0,90.0,30.0,0.0,60.0,0.0,60.0,0.0,30.0,120.0,0.0,,,,,
242,0.0,,,,,,,,0.0,,,0.0,,,0.0,,,0.0,,,,23.75,,0.0,,,0.0,,,0.0,,,0.0,,,,,,0.0,0.0,0.0,0.0,0.0,0.0,18.75,0.0,0.0,0.0,0.0,0.0,23.75,0.0,0.0,0.0,0.0,,,23.75,,
246,,,0.0,,,,,,0.0,,0.0,,0.0,,0.0,,0.0,0.0,1.25,0.0,0.0,0.0,,0.0,0.0,0.0,0.0,,0.0,0.0,1.25,3.75,3.75,0.0,,0.0,,,,0.0,0.0,0.0,0.0,0.0,0.0,0.0,0.0,0.0,0.0,0.0,25.0,0.0,0.0,,0.0,,,,,
248,0.0,0.0,0.0,0.0,0.0,0.0,0.0,0.0,0.0,0.0,600.0,360.0,1600.0,1110.0,1291.0,780.0,1105.0,960.0,1015.0,990.0,630.0,840.0,570.0,710.0,540.0,810.0,810.0,860.0,120.0,860.0,170.0,945.0,180.0,950.0,975.0,90.0,890.0,60.0,115.0,1010.0,860.0,885.0,90.0,915.0,380.0,860.0,440.0,480.0,970.0,1040.0,980.0,1040.0,870.0,615.0,300.0,1130.0,,,,
250,,,,,,,,,,,,,,,,,,,,,,,,,,0.0,,,,,,,,,0.0,,,,0.0,,,,,0.0,,,,0.0,0.0,0.0,0.0,0.0,0.0,0.0,0.0,,,,,
251,,,,,,,,,,,,,,,,,,,,,,,,,0.0,0.0,0.0,0.0,0.0,0.0,0.0,0.0,0.0,0.0,0.0,0.0,0.0,0.0,0.0,0.0,0.0,0.0,0.0,0.0,0.0,0.0,0.0,0.0,25.0,0.0,75.0,0.0,0.0,25.0,0.0,,,,,
255,,,,,,0.0,0.0,0.0,0.0,0.0,0.0,0.0,0.0,0.0,0.0,0.0,0.0,0.0,0.0,0.0,0.0,,,0.0,0.0,0.0,0.0,0.0,0.0,0.0,0.0,0.0,0.0,0.0,0.0,0.0,0.0,0.0,0.0,,,0.0,0.0,0.0,0.0,0.0,0.0,0.0,0.0,0.0,0.0,0.0,0.0,0.0,0.0,,,,,
257,0.0,,,,,0.0,,,,0.0,0.0,0.0,,0.0,0.0,0.0,0.0,0.0,,,0.0,,7.5,,,,,18.75,,,,,0.0,,,,0.0,0.0,,0.0,0.0,0.0,0.0,0.0,0.0,0.0,0.0,0.0,10.0,0.0,0.0,0.0,0.0,7.5,0.0,,,,,
265,,,,,,,,,,,,,,,,,,,,,,,,,,0.0,0.0,,,,,,,,,,,,,,,,,,,,,,,,0.0,,0.0,30.0,150.0,,,,,
268,0.0,0.0,0.0,0.0,0.0,,0.0,0.0,0.0,0.0,,,125.0,75.0,100.0,75.0,,50.0,125.0,100.0,75.0,,,,,100.0,100.0,,,100.0,100.0,0.0,75.0,25.0,100.0,75.0,75.0,100.0,,0.0,95.0,75.0,25.0,45.0,0.0,0.0,100.0,110.0,50.0,116.0,58.0,116.0,0.0,100.0,125.0,25.0,125.0,50.0,,
269,0.0,0.0,0.0,0.0,0.0,0.0,0.0,0.0,0.0,0.0,,0.0,75.0,25.0,75.0,100.0,50.0,75.0,100.0,100.0,50.0,25.0,100.0,0.0,100.0,75.0,75.0,0.0,0.0,75.0,75.0,125.0,100.0,0.0,100.0,,125.0,0.0,125.0,75.0,0.0,100.0,50.0,75.0,25.0,50.0,100.0,0.0,0.0,0.0,100.0,25.0,100.0,125.0,150.0,100.0,175.0,125.0,,
270,,,,,,,,,,,,,,,,,0.0,,,,0.0,0.0,16.8,16.8,32.6,16.8,30.1,,16.8,16.8,16.8,,29.6,16.8,16.8,,16.8,0.0,0.0,13.3,11.2,11.9,0.0,0.0,11.2,0.0,11.2,13.3,16.8,0.0,9.8,4.9,9.8,,,16.8,,,,
271,,,,,,,,,,,,,,,,48.0,24.0,24.0,0.0,,,,,,0.0,,5.0,,,,0.0,,5.0,,0.0,,0.0,0.0,0.0,5.0,0.0,7.0,0.0,0.0,8.0,0.0,8.0,5.0,0.0,0.0,8.0,15.0,10.0,0.0,0.0,,,,,
280,,,,,,,,,,,,,,,,,,,,,,,,,,,,,,,,,,,,,,,,,,,,,0.0,,0.0,0.0,,0.0,0.0,0.0,0.0,0.0,0.0,,,,,
281,,,,,,,,,,,,,,,,,,,,,,,,,,,,,,,,,,,,,,,,,,,,,,0.0,0.0,0.0,25.0,0.0,0.0,0.0,0.0,0.0,25.0,,,,,
284,,0.0,,0.0,,0.0,0.0,,0.0,,0.0,,0.0,,7.35,0.0,,,9.8,,7.35,,7.35,0.0,,9.8,7.35,,7.35,7.35,6.125,0.0,7.35,,7.35,,7.35,7.35,7.35,,7.35,0.0,7.35,7.35,0.0,7.35,0.0,7.35,0.0,7.35,7.35,0.0,0.0,0.0,7.35,7.35,7.35,,,7.35
286,,,0.0,0.0,,,,0.0,,,,,,,,0.0,,,,,,,,,,,0.0,,,,,,,,,,,,0.0,,,,,,,0.0,0.0,,,,0.0,0.0,0.0,0.0,0.0,,,,,
290,0.0,0.0,,0.0,0.0,,,,,,,,,0.0,,,,,,,,,,0.0,,0.0,,0.0,,0.0,,0.0,,0.0,0.0,,0.0,0.0,,0.0,,24.5,,0.0,,0.0,0.0,0.0,24.5,0.0,0.0,,,,0.0,,,,,
292,,,,,,,,,,,,,,,,,,,,,,,,,,,,,,,,,,,,,,,,,,,0.0,,0.0,0.0,,,,0.0,0.0,0.0,0.0,0.0,0.0,,,,,
293,,,,,,,0.0,,0.0,,,,,,,0.0,,,,0.0,0.0,,,,,0.0,0.0,,,,,,0.0,0.0,,,,5.85,,,,,3.675,,0.0,0.0,0.0,,,0.0,14.7,23.275,0.0,0.0,0.0,,,,,
294,0.0,,,0.0,0.0,0.0,,0.0,0.0,,0.0,,,0.0,,0.0,,,,0.0,0.0,0.0,,,,0.0,0.0,,,,0.0,,0.0,,,0.0,,,,0.0,,0.0,20.0,,0.0,17.5,0.0,0.0,,,8.75,0.0,0.0,0.0,0.0,,,,,
297,0.0,0.0,,,,,,,0.0,,,,,,,,,0.0,,,,,,0.0,,,,,,,,,,,,,,,,,,,,,,,,0.0,,,,23.75,0.0,0.0,0.0,,,,,
299,0.0,0.0,0.0,0.0,0.0,0.0,0.0,0.0,0.0,0.0,50.0,100.0,50.0,25.0,125.0,150.0,25.0,0.0,200.0,225.0,175.0,175.0,125.0,75.0,175.0,0.0,0.0,125.0,200.0,0.0,0.0,0.0,0.0,0.0,0.0,0.0,125.0,0.0,0.0,0.0,0.0,0.0,0.0,0.0,50.0,25.0,0.0,25.0,50.0,50.0,50.0,0.0,0.0,0.0,25.0,,,,,
304,0.0,0.0,0.0,0.0,0.0,0.0,0.0,0.0,0.0,,0.0,0.0,25.0,0.0,0.0,0.0,25.0,0.0,50.0,25.0,0.0,25.0,0.0,25.0,25.0,0.0,0.0,,25.0,,,,0.0,,0.0,,25.0,0.0,,0.0,0.0,,25.0,25.0,25.0,0.0,25.0,0.0,25.0,50.0,0.0,25.0,25.0,25.0,0.0,,,,,
310,0.0,0.0,,0.0,0.0,0.0,0.0,,0.0,0.0,0.0,,25.0,0.0,0.0,0.0,0.0,0.0,0.0,0.0,0.0,0.0,,0.0,0.0,0.0,,0.0,0.0,0.0,0.0,,0.0,0.0,0.0,0.0,,0.0,0.0,0.0,0.0,0.0,0.0,0.0,0.0,0.0,0.0,0.0,25.0,0.0,0.0,0.0,0.0,0.0,0.0,,,,,
311,0.0,0.0,0.0,0.0,0.0,0.0,0.0,0.0,0.0,0.0,0.0,0.0,50.0,0.0,0.0,225.0,0.0,0.0,200.0,0.0,300.0,300.0,0.0,200.0,0.0,0.0,300.0,0.0,225.0,0.0,125.0,75.0,0.0,0.0,300.0,0.0,0.0,0.0,325.0,325.0,0.0,0.0,150.0,225.0,0.0,0.0,325.0,0.0,325.0,0.0,225.0,0.0,0.0,0.0,0.0,,,,,
312,0.0,0.0,0.0,0.0,0.0,0.0,0.0,0.0,0.0,0.0,0.0,0.0,0.0,0.0,0.0,0.0,0.0,0.0,23.275,0.0,0.0,23.275,0.0,,23.275,,0.0,,0.0,0.0,,23.275,23.275,23.275,,0.0,,23.275,,0.0,0.0,23.275,23.275,46.55,0.0,23.275,23.275,0.0,0.0,0.0,0.0,46.55,0.0,,0.0,,,,,
317,,,,,,,,,,,,,,,,,,,,,,,,,,,,,,,,,,,,,,,,,23.75,23.75,0.0,0.0,23.75,23.75,23.75,47.5,23.75,,,,0.0,0.0,0.0,,,,,
318,,,,,,,,,,,,,,,,,,,,,,,,,,,,,,,,,,,,,,,,,,,,,,,,,,48.0,24.0,48.0,0.0,24.0,0.0,48.0,,,,
319,0.0,0.0,0.0,0.0,0.0,0.0,0.0,0.0,0.0,0.0,0.0,0.0,118.75,0.0,0.0,0.0,0.0,0.0,0.0,0.0,0.0,0.0,0.0,0.0,0.0,0.0,0.0,0.0,0.0,0.0,0.0,0.0,0.0,0.0,0.0,0.0,0.0,0.0,0.0,0.0,0.0,0.0,0.0,0.0,0.0,0.0,0.0,0.0,118.75,0.0,0.0,0.0,0.0,0.0,0.0,,,,,
323,,0.0,0.0,0.0,0.0,0.0,0.0,0.0,,,0.0,0.0,0.0,0.0,0.0,0.0,,,0.0,0.0,0.0,0.0,0.0,0.0,0.0,0.0,0.0,0.0,0.0,0.0,0.0,0.0,0.0,0.0,0.0,0.0,0.0,0.0,0.0,0.0,0.0,0.0,0.0,0.0,0.0,0.0,0.0,0.0,0.0,0.0,0.0,0.0,0.0,0.0,0.0,,,,,
326,0.0,0.0,0.0,0.0,0.0,0.0,0.0,0.0,0.0,0.0,0.0,0.0,130.0,0.0,0.0,0.0,0.0,0.0,0.0,0.0,0.0,0.0,0.0,0.0,78.0,0.0,0.0,0.0,0.0,0.0,0.0,0.0,52.0,0.0,0.0,0.0,0.0,0.0,0.0,0.0,0.0,0.0,0.0,0.0,0.0,0.0,0.0,0.0,0.0,0.0,0.0,0.0,0.0,130.0,0.0,,,,,
329,,0.0,0.0,,,0.0,,,0.0,0.0,0.0,,11.025,,,0.0,0.0,,0.0,0.0,0.0,,0.0,4.9,0.0,,12.25,0.0,,,0.0,0.0,,7.35,,6.125,12.25,,0.0,0.0,8.575,0.0,0.0,0.0,0.0,0.0,6.125,0.0,0.0,0.0,0.0,0.0,0.0,12.25,0.0,,,,,
330,0.0,0.0,,0.0,,,0.0,,0.0,0.0,0.0,,7.0,,0.0,0.0,0.0,,0.0,0.0,0.0,,0.0,15.0,0.0,0.0,8.0,0.0,,,0.0,,0.0,6.0,0.0,17.0,,,16.0,0.0,9.0,22.0,0.0,22.0,0.0,0.0,17.0,0.0,0.0,0.0,6.0,0.0,0.0,0.0,22.0,,,,,
332,0.0,,0.0,,0.0,,,0.0,0.0,,0.0,,,0.0,0.0,0.0,0.0,0.0,,0.0,0.0,,0.0,0.0,11.025,0.0,,0.0,,0.0,0.0,,0.0,,0.0,0.0,0.0,0.0,0.0,0.0,0.0,0.0,0.0,0.0,0.0,0.0,24.5,12.25,9.8,0.0,0.0,0.0,0.0,0.0,17.15,,,,,
333,,0.0,,,0.0,,,0.0,,,0.0,,,0.0,,0.0,0.0,0.0,0.0,,,,0.0,0.0,,0.0,0.0,,,0.0,,,0.0,0.0,0.0,,10.0,,0.0,0.0,0.0,0.0,0.0,0.0,0.0,0.0,0.0,0.0,10.0,0.0,0.0,0.0,0.0,0.0,0.0,,,,,
334,0.0,0.0,0.0,,0.0,,,0.0,0.0,,0.0,,,0.0,0.0,0.0,0.0,,0.0,0.0,,0.0,0.0,0.0,0.0,0.0,0.0,0.0,0.0,0.0,0.0,0.0,,0.0,0.0,,2.5,0.0,0.0,0.0,0.0,0.0,0.0,0.0,0.0,0.0,15.0,32.5,12.5,10.0,0.0,0.0,0.0,0.0,0.0,,,,,
336,0.0,0.0,0.0,0.0,0.0,0.0,0.0,0.0,0.0,0.0,0.0,0.0,15.0,0.0,0.0,0.0,0.0,0.0,10.0,0.0,10.0,0.0,0.0,10.0,32.0,0.0,0.0,0.0,45.0,0.0,0.0,8.0,0.0,0.0,0.0,8.0,0.0,0.0,9.0,35.0,9.0,0.0,0.0,0.0,0.0,0.0,9.0,0.0,0.0,0.0,0.0,0.0,0.0,0.0,0.0,,,,,
341,,,,0.0,,,,,0.0,,,0.0,,0.0,0.0,,0.0,,0.0,0.0,,0.0,,,,0.0,,22.5,,,,,,,,,,,,0.0,0.0,0.0,0.0,0.0,0.0,0.0,0.0,22.5,0.0,0.0,0.0,0.0,0.0,0.0,22.5,,,,,
342,,0.0,,0.0,,,,0.0,,,,,0.0,,,,0.0,,,,0.0,,,,,,4.9,,0.0,,,,,,,,,,0.0,0.0,0.0,0.0,0.0,6.125,0.0,0.0,0.0,0.0,0.0,0.0,0.0,0.0,0.0,0.0,0.0,,,,,
343,0.0,0.0,0.0,0.0,0.0,0.0,0.0,0.0,0.0,0.0,0.0,0.0,47.5,0.0,0.0,95.0,47.5,0.0,0.0,118.75,23.75,71.25,23.75,23.75,71.25,0.0,18.75,0.0,0.0,23.75,23.75,71.25,71.25,47.5,0.0,95.0,71.25,0.0,23.75,47.5,47.5,0.0,0.0,17.5,0.0,0.0,,,47.5,0.0,0.0,71.25,47.5,0.0,0.0,,,,,
345,0.0,0.0,0.0,0.0,0.0,0.0,0.0,0.0,0.0,0.0,24.0,0.0,24.0,0.0,48.0,72.0,72.0,0.0,48.0,67.0,24.0,48.0,24.0,48.0,72.0,0.0,24.0,0.0,0.0,0.0,24.0,48.0,48.0,0.0,0.0,96.0,72.0,0.0,0.0,24.0,0.0,0.0,0.0,0.0,0.0,24.0,0.0,96.0,0.0,24.0,0.0,48.0,48.0,48.0,0.0,,,,,
346,,0.0,,,0.0,0.0,0.0,,,0.0,0.0,0.0,,,0.0,,0.0,0.0,,,0.0,,0.0,0.0,,,0.0,,,,0.0,,0.0,,0.0,,,0.0,,0.0,,0.0,0.0,21.7,0.0,0.0,0.0,21.7,,0.0,21.7,,21.7,21.7,0.0,,,,,
347,0.0,0.0,0.0,0.0,0.0,,0.0,,0.0,0.0,22.0,22.0,,44.0,,44.0,66.0,,22.0,,44.0,,22.0,44.0,44.0,22.0,22.0,44.0,,44.0,88.0,44.0,22.0,44.0,,,22.0,22.0,22.0,22.0,44.0,22.0,44.0,44.0,44.0,44.0,0.0,44.0,44.0,44.0,44.0,44.0,0.0,44.0,44.0,44.0,,,,
348,0.0,0.0,0.0,0.0,0.0,0.0,0.0,0.0,0.0,0.0,0.0,0.0,234.0,0.0,0.0,0.0,0.0,0.0,0.0,156.0,0.0,0.0,0.0,0.0,130.0,0.0,0.0,0.0,0.0,0.0,0.0,78.0,0.0,0.0,0.0,0.0,104.0,0.0,0.0,0.0,0.0,0.0,0.0,104.0,0.0,0.0,0.0,0.0,26.0,0.0,0.0,78.0,104.0,78.0,130.0,,,,,
351,0.0,0.0,,,0.0,0.0,0.0,0.0,0.0,0.0,150.0,150.0,200.0,125.0,0.0,75.0,100.0,125.0,125.0,150.0,0.0,175.0,0.0,125.0,125.0,0.0,0.0,0.0,100.0,125.0,0.0,100.0,100.0,125.0,125.0,100.0,100.0,0.0,150.0,50.0,0.0,150.0,125.0,125.0,175.0,150.0,150.0,0.0,0.0,0.0,150.0,25.0,150.0,150.0,150.0,,,,,
353,,,0.0,,0.0,0.0,0.0,,,0.0,0.0,,0.0,0.0,,,,0.0,,0.0,,,0.0,,,,,0.0,0.0,,0.0,0.0,,0.0,0.0,0.0,0.0,0.0,0.0,0.0,0.0,0.0,0.0,0.0,0.0,0.0,0.0,0.0,0.0,0.0,20.0,0.0,0.0,20.0,20.0,,,,,
355,0.0,0.0,0.0,0.0,0.0,0.0,0.0,,0.0,0.0,0.0,0.0,0.0,0.0,0.0,0.0,0.0,0.0,0.0,,0.0,0.0,0.0,,25.0,0.0,0.0,0.0,0.0,0.0,,0.0,0.0,0.0,0.0,,0.0,0.0,0.0,0.0,0.0,0.0,0.0,0.0,0.0,0.0,0.0,0.0,0.0,0.0,0.0,0.0,0.0,0.0,0.0,,,,,
363,,,,,,,0.0,,0.0,,0.0,,25.0,0.0,,0.0,,0.0,,25.0,,0.0,,25.0,,0.0,0.0,0.0,,25.0,,,25.0,,,25.0,,,25.0,0.0,25.0,0.0,,25.0,,0.0,25.0,,0.0,,0.0,,25.0,,25.0,,25.0,,,25.0
368,,,,0.0,,,,0.0,,,,,,,0.0,,,,,0.0,,,,,,,0.0,,,,,,,,,,,0.0,,,,,,0.0,,,0.0,0.0,,,0.0,0.0,0.0,0.0,0.0,,,,,
369,,,0.0,0.0,,0.0,0.0,,,0.0,0.0,,,,825.0,700.0,0.0,1350.0,25.0,0.0,1000.0,0.0,50.0,,,0.0,25.0,,,,,,,,,,,,,,,,,,,,,,0.0,0.0,50.0,,0.0,0.0,503.0,,,,,
370,0.0,0.0,,0.0,0.0,0.0,0.0,,0.0,0.0,0.0,,0.0,,0.0,0.0,,0.0,,0.0,,,25.0,,25.0,,25.0,,0.0,,,0.0,25.0,0.0,,0.0,0.0,,0.0,0.0,0.0,0.0,0.0,0.0,25.0,0.0,0.0,0.0,0.0,0.0,0.0,0.0,0.0,0.0,0.0,,,,,
371,,0.0,0.0,,0.0,,0.0,,,0.0,0.0,,23.275,,0.0,,0.0,,0.0,,0.0,0.0,,0.0,,0.0,,23.275,,0.0,,,0.0,,0.0,,23.275,,,23.275,0.0,0.0,0.0,0.0,0.0,0.0,0.0,0.0,0.0,23.275,0.0,0.0,0.0,0.0,0.0,,,,,
372,0.0,,0.0,0.0,0.0,0.0,0.0,,0.0,0.0,0.0,,,0.0,,0.0,,,0.0,0.0,0.0,,23.0,0.0,,23.0,0.0,,,0.0,,,,0.0,0.0,,,23.0,0.0,0.0,0.0,0.0,0.0,0.0,0.0,0.0,23.0,0.0,23.0,0.0,0.0,23.0,0.0,23.0,0.0,,,,,
373,0.0,0.0,,0.0,0.0,0.0,,0.0,0.0,0.0,0.0,,,0.0,,,23.75,0.0,,0.0,,0.0,,,23.75,,23.75,23.75,,0.0,,23.75,23.75,,,0.0,23.75,,0.0,23.75,0.0,0.0,23.75,0.0,0.0,0.0,0.0,23.75,0.0,0.0,0.0,0.0,0.0,47.5,0.0,,,,,
374,0.0,0.0,0.0,,0.0,0.0,,,,0.0,,,0.0,,0.0,,0.0,,0.0,,0.0,,,0.0,0.0,0.0,,,,0.0,,0.0,,,0.0,,0.0,0.0,,0.0,,0.0,0.0,0.0,0.0,0.0,0.0,0.0,0.0,0.0,,0.0,0.0,0.0,0.0,,,,,
375,0.0,0.0,0.0,,0.0,0.0,,0.0,,0.0,0.0,,0.0,,0.0,0.0,0.0,,0.0,,0.0,0.0,,0.0,0.0,0.0,0.0,0.0,,0.0,,0.0,0.0,,0.0,,0.0,0.0,,0.0,,0.0,0.0,0.0,0.0,0.0,0.0,0.0,0.0,0.0,,45.0,0.0,0.0,0.0,,,,,
376,,,,0.0,0.0,0.0,0.0,0.0,0.0,,0.0,,0.0,49.0,49.0,0.0,0.0,24.5,49.0,0.0,24.5,49.0,24.5,0.0,0.0,0.0,,,0.0,0.0,0.0,0.0,0.0,0.0,,0.0,0.0,0.0,,0.0,0.0,0.0,0.0,0.0,0.0,0.0,0.0,0.0,0.0,0.0,0.0,0.0,0.0,0.0,0.0,,,,,
377,0.0,0.0,,0.0,0.0,0.0,0.0,0.0,0.0,0.0,0.0,,22.0,0.0,0.0,0.0,0.0,0.0,0.0,0.0,,0.0,0.0,0.0,0.0,,0.0,0.0,,0.0,0.0,0.0,0.0,0.0,,0.0,,0.0,0.0,0.0,0.0,0.0,0.0,0.0,0.0,0.0,0.0,0.0,0.0,0.0,0.0,0.0,0.0,88.0,198.0,,,,,
378,0.0,,0.0,0.0,,0.0,0.0,0.0,0.0,0.0,0.0,0.0,0.0,0.0,0.0,0.0,0.0,0.0,0.0,0.0,0.0,0.0,0.0,,,,,,,,,,,,,,,0.0,,0.0,0.0,0.0,0.0,0.0,0.0,0.0,0.0,0.0,0.0,0.0,,0.0,0.0,0.0,0.0,,,,,
379,0.0,0.0,0.0,,,0.0,,0.0,,,,,,,,0.0,,,,,0.0,,0.0,,,0.0,,,0.0,,0.0,,0.0,,0.0,0.0,0.0,0.0,0.0,0.0,0.0,0.0,0.0,0.0,0.0,0.0,0.0,0.0,0.0,0.0,0.0,0.0,0.0,0.0,0.0,,,,,
380,0.0,0.0,,0.0,,0.0,0.0,0.0,0.0,,0.0,,,,,0.0,0.0,0.0,0.0,0.0,,0.0,,0.0,,,,,0.0,,0.0,0.0,,0.0,0.0,,,0.0,,0.0,22.05,,0.0,0.0,,0.0,0.0,0.0,,0.0,,22.5,0.0,22.5,0.0,,,,,
382,,,,,,,,,,,,,,,,,,,,,0.0,,,0.0,0.0,,,,0.0,,,,0.0,,22.0,0.0,,,0.0,0.0,,,,0.0,,0.0,,0.0,0.0,0.0,0.0,0.0,0.0,22.0,0.0,,,,,
383,,,,,,,,,,,,,,,,,,,,,,,,,,,,,,,,,,,,0.0,0.0,0.0,0.0,25.0,0.0,0.0,0.0,0.0,0.0,0.0,0.0,0.0,,,,,,,0.0,,,,,
384,,,,,0.0,,,,,,0.0,,,,,,,,0.0,,,0.0,0.0,0.0,0.0,,0.0,,,,0.0,,0.0,,,,0.0,,0.0,,0.0,,0.0,,0.0,,0.0,0.0,0.0,,0.0,,0.0,0.0,0.0,,,,,
386,,0.0,,0.0,,0.0,0.0,0.0,,0.0,,,22.5,,,0.0,,,22.5,,,,0.0,,0.0,,0.0,,,0.0,,,,0.0,,,0.0,,0.0,0.0,0.0,0.0,0.0,0.0,0.0,0.0,0.0,0.0,,,0.0,0.0,0.0,0.0,0.0,,,,,
387,0.0,0.0,,0.0,0.0,0.0,0.0,0.0,,0.0,0.0,0.0,45.0,0.0,0.0,0.0,22.5,,22.5,,0.0,0.0,0.0,0.0,21.6,0.0,0.0,,0.0,0.0,0.0,0.0,0.0,45.0,22.5,0.0,0.0,0.0,0.0,22.5,0.0,0.0,0.0,0.0,0.0,0.0,0.0,0.0,22.5,0.0,0.0,0.0,0.0,22.5,0.0,,,,,
390,0.0,0.0,0.0,0.0,0.0,0.0,0.0,0.0,0.0,0.0,0.0,0.0,260.0,0.0,0.0,0.0,0.0,0.0,0.0,0.0,0.0,0.0,0.0,52.0,0.0,0.0,52.0,0.0,0.0,0.0,0.0,0.0,0.0,0.0,0.0,0.0,0.0,0.0,0.0,0.0,0.0,0.0,0.0,0.0,0.0,0.0,0.0,0.0,0.0,0.0,0.0,0.0,52.0,0.0,0.0,,,,,
391,0.0,0.0,0.0,0.0,0.0,0.0,0.0,0.0,0.0,0.0,0.0,0.0,0.0,0.0,0.0,0.0,0.0,0.0,0.0,0.0,1815.0,2420.0,1210.0,0.0,0.0,0.0,0.0,0.0,0.0,0.0,0.0,136.0,0.0,0.0,0.0,0.0,0.0,0.0,0.0,0.0,0.0,0.0,0.0,0.0,0.0,2025.0,4745.0,0.0,675.0,0.0,0.0,0.0,0.0,0.0,0.0,,,,,
394,0.0,0.0,0.0,0.0,0.0,,0.0,0.0,0.0,0.0,0.0,0.0,0.0,,0.0,0.0,0.0,0.0,0.0,,,0.0,0.0,0.0,0.0,0.0,0.0,0.0,0.0,0.0,0.0,0.0,0.0,0.0,0.0,,0.0,0.0,0.0,0.0,0.0,0.0,0.0,0.0,0.0,0.0,0.0,0.0,0.0,0.0,0.0,0.0,0.0,0.0,0.0,,,,,
395,0.0,0.0,0.0,0.0,0.0,0.0,0.0,0.0,0.0,0.0,0.0,0.0,0.0,0.0,0.0,0.0,0.0,0.0,0.0,0.0,0.0,0.0,0.0,0.0,0.0,0.0,0.0,0.0,0.0,0.0,0.0,0.0,0.0,0.0,0.0,0.0,0.0,0.0,0.0,0.0,0.0,0.0,0.0,0.0,0.0,0.0,0.0,0.0,0.0,0.0,0.0,0.0,0.0,0.0,0.0,,,,,
398,0.0,0.0,0.0,0.0,0.0,0.0,0.0,0.0,0.0,0.0,0.0,0.0,52.0,0.0,0.0,0.0,0.0,0.0,0.0,0.0,0.0,0.0,0.0,0.0,0.0,0.0,0.0,0.0,0.0,0.0,0.0,0.0,0.0,0.0,0.0,0.0,0.0,0.0,0.0,0.0,0.0,0.0,0.0,0.0,0.0,0.0,0.0,0.0,52.0,0.0,0.0,0.0,0.0,0.0,0.0,,,,,
399,0.0,0.0,0.0,0.0,0.0,0.0,0.0,0.0,0.0,0.0,0.0,0.0,,0.0,0.0,0.0,0.0,0.0,0.0,0.0,0.0,0.0,0.0,,,0.0,0.0,,,0.0,0.0,0.0,0.0,0.0,,0.0,0.0,0.0,,0.0,0.0,0.0,0.0,0.0,0.0,0.0,0.0,0.0,0.0,0.0,0.0,0.0,0.0,,0.0,,,,,
401,,,,,,,,,,,,,,,,,0.0,,,0.0,,,,,,,,,,,,,,,,,,,,,,,,,,,,0.0,26.0,0.0,0.0,0.0,0.0,0.0,0.0,,,,,
402,0.0,0.0,0.0,0.0,0.0,0.0,0.0,0.0,0.0,0.0,0.0,0.0,0.0,0.0,0.0,0.0,0.0,0.0,0.0,0.0,0.0,0.0,0.0,0.0,0.0,0.0,23.0,0.0,0.0,0.0,0.0,0.0,0.0,0.0,0.0,0.0,0.0,0.0,0.0,0.0,22.0,0.0,0.0,0.0,0.0,0.0,0.0,0.0,0.0,0.0,0.0,0.0,0.0,0.0,0.0,,,,,
404,0.0,0.0,0.0,0.0,0.0,0.0,0.0,0.0,0.0,0.0,0.0,25.0,0.0,0.0,0.0,0.0,0.0,0.0,0.0,0.0,0.0,0.0,0.0,0.0,0.0,0.0,0.0,0.0,0.0,0.0,0.0,75.0,0.0,0.0,0.0,0.0,0.0,0.0,0.0,0.0,0.0,0.0,0.0,100.0,0.0,0.0,0.0,0.0,0.0,0.0,0.0,0.0,0.0,0.0,0.0,,,,,
406,0.0,,0.0,0.0,0.0,0.0,0.0,0.0,0.0,0.0,0.0,0.0,0.0,,0.0,0.0,0.0,0.0,0.0,0.0,0.0,0.0,0.0,0.0,0.0,0.0,0.0,0.0,,0.0,0.0,0.0,0.0,0.0,0.0,,0.0,0.0,0.0,0.0,0.0,0.0,0.0,22.0,0.0,0.0,0.0,44.0,0.0,22.0,22.0,22.0,66.0,132.0,88.0,,,,,
409,0.0,0.0,,0.0,0.0,0.0,,0.0,0.0,,0.0,0.0,,0.0,0.0,0.0,0.0,0.0,0.0,0.0,0.0,0.0,0.0,,0.0,0.0,,0.0,0.0,,,0.0,0.0,0.0,0.0,,0.0,0.0,0.0,0.0,0.0,0.0,0.0,0.0,0.0,0.0,0.0,0.0,0.0,0.0,0.0,0.0,0.0,0.0,0.0,,,,,
411,,,0.0,,,,0.0,,,,,,,0.0,,,,,,,,,,,22.5,,0.0,,,,,,0.0,,22.5,,,0.0,,,0.0,,,0.0,0.0,,0.0,0.0,0.0,0.0,0.0,,22.5,0.0,0.0,,,,,
416,,,,,,,,,,,,,,,,,,,,,,,,,,,,,,,,,,,,,0.0,,,22.5,0.0,0.0,0.0,0.0,,0.0,,22.5,22.5,,0.0,22.5,0.0,22.5,0.0,,,,,
419,0.0,0.0,0.0,,0.0,0.0,0.0,,0.0,0.0,,,25.0,0.0,,,,,0.0,0.0,,0.0,,0.0,,,25.0,,,0.0,0.0,0.0,0.0,0.0,,25.0,,25.0,0.0,0.0,0.0,0.0,25.0,25.0,0.0,0.0,25.0,0.0,25.0,0.0,0.0,48.75,0.0,0.0,0.0,23.75,,,,
420,,,,,0.0,,0.0,,0.0,,,0.0,,,,,40.0,40.0,40.0,40.0,40.0,40.0,0.0,,,,,,,,,,,40.0,40.0,80.0,0.0,,,0.0,0.0,0.0,0.0,0.0,0.0,40.0,40.0,40.0,,,,,,,40.0,40.0,40.0,40.0,,
426,0.0,0.0,,0.0,,,0.0,,0.0,,0.0,0.0,,,0.0,0.0,22.5,0.0,22.5,0.0,0.0,,0.0,0.0,0.0,0.0,0.0,22.5,0.0,0.0,0.0,0.0,0.0,0.0,0.0,45.0,,0.0,0.0,0.0,0.0,0.0,0.0,0.0,0.0,22.5,0.0,22.5,0.0,0.0,0.0,22.5,0.0,0.0,0.0,,,,,
427,0.0,,0.0,,,,,0.0,0.0,,0.0,,,,0.0,,,0.0,,,0.0,,0.0,,,0.0,,,0.0,,,,,0.0,,0.0,,,0.0,,0.0,0.0,0.0,,0.0,0.0,,,,0.0,,,0.0,0.0,0.0,,,,,
428,0.0,,,0.0,,0.0,,0.0,0.0,0.0,0.0,0.0,,,,,0.0,,,0.0,,,0.0,,,,,0.0,,,,,,,,,,,,0.0,,,,,,,,0.0,,0.0,,,0.0,,0.0,,,,,
429,0.0,0.0,,0.0,,0.0,0.0,,0.0,,,0.0,,0.0,,0.0,0.0,,0.0,,0.0,,0.0,,0.0,,0.0,,,0.0,,0.0,,0.0,,,,0.0,,0.0,,0.0,0.0,0.0,,0.0,0.0,0.0,,0.0,,0.0,0.0,0.0,0.0,,,,,
432,,0.0,,0.0,,0.0,,0.0,,0.0,,0.0,,0.0,,0.0,,,0.0,,0.0,,0.0,,0.0,,,0.0,24.5,,0.0,,0.0,,0.0,,0.0,,24.5,,,0.0,0.0,0.0,0.0,0.0,0.0,0.0,0.0,0.0,0.0,0.0,0.0,0.0,0.0,,,,,
433,,,,0.0,,,,,,0.0,,,,,,,,24.0,,,,,24.0,,,,,24.0,,,,0.0,,,,,0.0,,24.0,,,0.0,0.0,0.0,0.0,0.0,0.0,0.0,0.0,0.0,0.0,0.0,0.0,0.0,0.0,,,,,
434,0.0,0.0,0.0,0.0,0.0,0.0,0.0,0.0,0.0,0.0,0.0,,0.0,0.0,0.0,22.5,0.0,0.0,0.0,0.0,0.0,112.5,0.0,90.0,225.0,225.0,0.0,180.0,0.0,0.0,135.0,0.0,,0.0,0.0,0.0,0.0,0.0,0.0,0.0,0.0,0.0,0.0,0.0,0.0,0.0,0.0,0.0,112.5,0.0,0.0,0.0,0.0,0.0,0.0,,,,,
439,0.0,0.0,0.0,0.0,0.0,0.0,0.0,0.0,0.0,0.0,0.0,0.0,0.0,0.0,0.0,0.0,0.0,0.0,0.0,0.0,0.0,0.0,0.0,0.0,20.0,0.0,0.0,0.0,0.0,0.0,0.0,0.0,0.0,0.0,0.0,0.0,0.0,0.0,19.999,0.0,0.0,0.0,0.0,0.0,0.0,0.0,0.0,0.0,0.0,0.0,0.0,0.0,0.0,0.0,0.0,,,,,
442,0.0,0.0,0.0,,0.0,0.0,0.0,,0.0,0.0,0.0,23.275,23.275,,0.0,,0.0,,0.0,23.275,0.0,0.0,46.55,,,,23.275,0.0,,,0.0,,,0.0,0.0,,23.275,0.0,0.0,46.55,0.0,23.275,0.0,23.275,23.275,,23.275,0.0,0.0,0.0,0.0,0.0,,23.275,0.0,,23.275,,,
443,0.0,0.0,,0.0,0.0,0.0,0.0,0.0,0.0,0.0,0.0,23.0,46.0,46.0,0.0,0.0,23.0,0.0,0.0,0.0,0.0,0.0,92.0,23.0,23.0,23.0,0.0,0.0,0.0,0.0,23.0,0.0,46.0,23.0,0.0,23.0,23.0,23.0,23.0,23.0,0.0,92.0,23.0,46.0,23.0,0.0,23.0,23.0,23.0,46.0,23.0,46.0,,23.0,23.0,23.0,,,,
446,0.0,0.0,0.0,0.0,0.0,0.0,0.0,0.0,0.0,0.0,24.0,120.0,264.0,0.0,0.0,72.0,0.0,0.0,0.0,24.0,24.0,0.0,0.0,120.0,696.0,96.0,168.0,120.0,96.0,240.0,144.0,216.0,0.0,0.0,0.0,264.0,456.0,552.0,600.0,0.0,672.0,336.0,1032.0,840.0,984.0,912.0,384.0,96.0,456.0,984.0,1056.0,336.0,48.0,480.0,960.0,,,,,
453,0.0,,0.0,0.0,,0.0,0.0,0.0,0.0,0.0,,0.0,0.0,0.0,,17.0,0.0,,18.0,0.0,0.0,0.0,,0.0,0.0,,0.0,,,,0.0,,0.0,0.0,,,22.0,0.0,,,0.0,22.0,,0.0,0.0,0.0,22.0,,0.0,0.0,0.0,0.0,22.0,0.0,0.0,,,,,
458,0.0,0.0,0.0,0.0,0.0,,0.0,0.0,0.0,0.0,0.0,,0.0,,0.0,,0.0,,,22.5,0.0,0.0,0.0,,22.5,0.0,0.0,0.0,0.0,,22.5,,0.0,,0.0,,0.0,0.0,0.0,0.0,0.0,0.0,0.0,0.0,0.0,0.0,0.0,0.0,0.0,22.5,22.5,22.5,22.5,0.0,0.0,22.5,23.75,23.75,23.75,
459,,0.0,,0.0,0.0,0.0,0.0,0.0,0.0,,,,,,0.0,22.0,,0.0,44.0,0.0,,,,,,,0.0,0.0,0.0,0.0,0.0,0.0,,,,,,,,0.0,22.0,0.0,0.0,0.0,0.0,0.0,0.0,44.0,,,0.0,0.0,0.0,44.0,0.0,,,,,
461,0.0,0.0,0.0,0.0,0.0,0.0,0.0,0.0,0.0,0.0,0.0,0.0,0.0,0.0,0.0,0.0,0.0,0.0,0.0,0.0,0.0,0.0,0.0,0.0,56.0,0.0,0.0,0.0,0.0,0.0,0.0,0.0,0.0,0.0,0.0,0.0,0.0,0.0,0.0,0.0,0.0,0.0,0.0,0.0,0.0,0.0,0.0,0.0,0.0,0.0,0.0,0.0,0.0,0.0,0.0,,,,,
463,,,0.0,,,,,,,,0.0,0.0,,,,,0.0,,,,,,,,0.0,,,0.0,,,,,0.0,,,,0.0,,0.0,14.0,0.0,0.0,0.0,10.0,0.0,0.0,0.0,0.0,11.0,0.0,0.0,0.0,0.0,11.0,0.0,,,,,
464,0.0,,,,0.0,0.0,,0.0,,,,47.5,5.0,,,,0.0,0.0,23.75,,0.0,,,,0.0,0.0,,0.0,,0.0,,,,,0.0,,,,,0.0,0.0,0.0,0.0,0.0,0.0,0.0,0.0,8.75,0.0,0.0,0.0,0.0,0.0,0.0,0.0,,,,,
465,,,0.0,,,0.0,,,,,0.0,0.0,,,,,,0.0,,,,,,,,,,0.0,,8.0,,,0.0,,,,0.0,,0.0,9.0,0.0,0.0,0.0,0.0,0.0,0.0,0.0,0.0,12.0,0.0,0.0,0.0,0.0,12.0,0.0,,,,,
468,0.0,0.0,0.0,0.0,0.0,0.0,0.0,0.0,0.0,0.0,0.0,0.0,22.0,0.0,0.0,0.0,0.0,0.0,0.0,0.0,0.0,0.0,0.0,0.0,0.0,0.0,0.0,0.0,0.0,0.0,0.0,0.0,0.0,0.0,0.0,0.0,0.0,0.0,0.0,0.0,0.0,0.0,0.0,0.0,0.0,0.0,0.0,0.0,22.0,0.0,0.0,0.0,0.0,0.0,0.0,,,,,
473,0.0,,,0.0,,,,,,,,23.275,,,,,0.0,,,0.0,0.0,,,,0.0,,,0.0,,0.0,,,0.0,,,0.0,,,,0.0,0.0,0.0,0.0,0.0,0.0,0.0,0.0,0.0,0.0,0.0,0.0,12.25,0.0,0.0,0.0,,,,,
474,,0.0,,,,0.0,,,,,0.0,,,0.0,,,0.0,,,0.0,,,,0.0,,0.0,0.0,0.0,,0.0,,,0.0,,,,,0.0,0.0,0.0,0.0,0.0,0.0,0.0,0.0,0.0,0.0,0.0,0.0,0.0,0.0,12.5,0.0,0.0,0.0,,,,,
476,,,,,,,,,,,,,,,,,,,,0.0,0.0,0.0,,0.0,,22.5,0.0,,,0.0,,,0.0,,,,21.25,,,,0.0,,0.0,0.0,,,,,,0.0,,,0.0,,0.0,,,,,
483,0.0,0.0,0.0,0.0,0.0,0.0,0.0,0.0,0.0,0.0,0.0,0.0,806.0,0.0,0.0,,,,0.0,0.0,0.0,0.0,0.0,0.0,0.0,0.0,0.0,0.0,0.0,0.0,0.0,0.0,0.0,0.0,0.0,0.0,0.0,0.0,0.0,0.0,0.0,0.0,0.0,0.0,0.0,0.0,0.0,0.0,0.0,0.0,0.0,0.0,0.0,0.0,0.0,,,,,
486,0.0,,0.0,,,,,,,,,,,0.0,,,,24.0,,,,,,0.0,,,0.0,,,,,,,,,,0.0,,,,0.0,0.0,0.0,0.0,0.0,0.0,0.0,0.0,0.0,0.0,24.0,0.0,24.0,0.0,0.0,24.0,,,,
487,,,,,,,,,,,,,,,,,,,,,,,,,,,,,,,,,,,,,,,,,,,,,,,,,0.0,0.0,0.0,0.0,0.0,0.0,0.0,,,,,
490,0.0,0.0,0.0,0.0,0.0,0.0,0.0,0.0,0.0,0.0,0.0,66.0,0.0,0.0,0.0,88.0,66.0,22.0,0.0,22.0,22.0,66.0,88.0,,44.0,0.0,66.0,0.0,0.0,0.0,0.0,0.0,44.0,66.0,88.0,0.0,66.0,0.0,88.0,66.0,0.0,0.0,66.0,66.0,0.0,0.0,66.0,88.0,44.0,88.0,88.0,0.0,66.0,88.0,22.0,,,,,
494,0.0,0.0,0.0,0.0,0.0,0.0,0.0,0.0,0.0,0.0,0.0,0.0,270.0,0.0,0.0,0.0,0.0,405.0,0.0,0.0,0.0,0.0,0.0,0.0,0.0,0.0,0.0,90.0,0.0,0.0,0.0,0.0,0.0,0.0,0.0,0.0,0.0,0.0,85.0,212.5,1105.0,1105.0,0.0,1105.0,1317.5,0.0,0.0,0.0,0.0,0.0,0.0,0.0,,0.0,0.0,,,,,
496,,,,,,,,,,,,,,,0.0,,,,0.0,0.0,0.0,26.0,0.0,0.0,0.0,0.0,0.0,0.0,208.0,26.0,104.0,0.0,0.0,0.0,0.0,0.0,0.0,0.0,0.0,0.0,0.0,0.0,26.0,0.0,0.0,78.0,0.0,0.0,0.0,0.0,0.0,0.0,0.0,26.0,0.0,,,,,
499,0.0,,0.0,,0.0,0.0,0.0,0.0,0.0,0.0,22.0,66.0,110.0,88.0,44.0,132.0,66.0,66.0,132.0,110.0,220.0,110.0,44.0,22.0,132.0,176.0,176.0,154.0,264.0,88.0,330.0,110.0,110.0,154.0,220.0,176.0,264.0,242.0,286.0,330.0,154.0,308.0,352.0,198.0,198.0,132.0,264.0,220.0,330.0,330.0,352.0,0.0,176.0,88.0,88.0,308.0,,,,
500,0.0,0.0,0.0,0.0,0.0,0.0,0.0,0.0,0.0,0.0,75.0,153.0,102.0,25.0,175.0,150.0,125.0,50.0,50.0,0.0,125.0,50.0,75.0,75.0,130.0,104.0,130.0,153.0,100.0,150.0,50.0,150.0,100.0,75.0,75.0,375.0,75.0,75.0,100.0,175.0,150.0,25.0,250.0,175.0,250.0,175.0,175.0,175.0,225.0,150.0,225.0,100.0,225.0,125.0,200.0,125.0,,,,
501,0.0,,0.0,,0.0,0.0,0.0,0.0,0.0,,22.0,22.0,22.0,22.0,0.0,22.0,,22.0,0.0,0.0,22.0,22.0,,,22.0,22.0,22.0,44.0,22.0,22.0,44.0,0.0,0.0,44.0,0.0,22.0,22.0,44.0,44.0,44.0,66.0,22.0,22.0,22.0,22.0,22.0,44.0,66.0,66.0,44.0,22.0,0.0,0.0,44.0,0.0,,,,,
506,0.0,0.0,0.0,0.0,0.0,0.0,0.0,0.0,0.0,0.0,0.0,0.0,0.0,0.0,0.0,0.0,0.0,0.0,0.0,0.0,0.0,0.0,0.0,0.0,0.0,0.0,0.0,0.0,0.0,0.0,0.0,0.0,0.0,0.0,0.0,0.0,0.0,0.0,0.0,0.0,0.0,0.0,0.0,0.0,0.0,0.0,0.0,0.0,0.0,0.0,0.0,0.0,0.0,0.0,0.0,,,,,
507,0.0,0.0,0.0,0.0,0.0,0.0,0.0,0.0,0.0,0.0,0.0,0.0,0.0,0.0,0.0,0.0,0.0,0.0,0.0,0.0,0.0,0.0,0.0,0.0,0.0,0.0,0.0,0.0,0.0,0.0,0.0,0.0,0.0,0.0,0.0,0.0,0.0,0.0,0.0,0.0,0.0,0.0,0.0,0.0,0.0,0.0,0.0,0.0,0.0,0.0,0.0,0.0,0.0,0.0,0.0,,,,,
516,0.0,0.0,0.0,0.0,0.0,0.0,0.0,0.0,0.0,0.0,0.0,0.0,0.0,0.0,0.0,0.0,0.0,0.0,0.0,0.0,0.0,0.0,0.0,0.0,0.0,0.0,0.0,0.0,0.0,0.0,0.0,0.0,0.0,0.0,0.0,0.0,0.0,0.0,0.0,0.0,0.0,0.0,0.0,0.0,0.0,0.0,0.0,0.0,0.0,0.0,0.0,0.0,0.0,0.0,0.0,,,,,
532,,,,,,,,,,,,,,,,,,,,,,,,,0.0,0.0,0.0,0.0,0.0,0.0,0.0,0.0,0.0,0.0,0.0,26.0,0.0,0.0,0.0,0.0,0.0,0.0,0.0,0.0,0.0,0.0,0.0,0.0,0.0,0.0,0.0,0.0,0.0,0.0,0.0,,,,,
535,,,,,,,,,,,,,,,,,,,,,,,,,,,,,,53.0,112.0,28.0,0.0,0.0,0.0,112.0,0.0,0.0,0.0,0.0,140.0,0.0,0.0,112.0,0.0,140.0,0.0,140.0,0.0,0.0,56.0,0.0,140.0,140.0,84.0,,,,,
542,,,,,,,,,,,,,,,,,,,,,,,,,,,,,,,,,,,,,,0.0,0.0,0.0,0.0,0.0,88.0,0.0,0.0,0.0,,,0.0,0.0,0.0,0.0,0.0,,0.0,,,,,
548,0.0,0.0,,0.0,0.0,0.0,0.0,,0.0,0.0,28.5,,28.5,28.5,0.0,,28.5,0.0,0.0,,0.0,0.0,0.0,,28.5,0.0,,,0.0,,,,28.5,28.5,0.0,,28.5,,0.0,,0.0,,28.5,28.5,0.0,0.0,28.5,,28.5,28.5,28.5,28.5,28.5,28.5,28.5,,,,,
550,,0.0,0.0,0.0,,0.0,0.0,,0.0,,15.0,,0.0,,0.0,,15.0,,0.0,,15.0,,0.0,0.0,,0.0,0.0,,15.0,,15.0,,,15.0,,,,,14.999,0.0,0.0,0.0,0.0,0.0,0.0,15.0,0.0,15.0,0.0,0.0,0.0,0.0,,14.999,0.0,,,,,
551,,,,,,,,,,,,,,,,,,,,,,2.8,,,,8.4,8.4,,,,,,,,0.0,,0.0,,,,0.0,,,,,,,,,,0.0,,,,0.0,,,,,
552,0.0,0.0,0.0,0.0,0.0,0.0,0.0,0.0,,0.0,15.0,0.0,,0.0,0.0,0.0,0.0,0.0,6.0,0.0,,25.5,0.0,,,19.5,19.5,,,16.5,0.0,,,,0.0,,0.0,,,0.0,0.0,0.0,0.0,,28.5,28.5,0.0,0.0,0.0,0.0,0.0,0.0,0.0,0.0,0.0,,,,,
553,0.0,,0.0,0.0,0.0,0.0,0.0,0.0,0.0,0.0,72.0,24.0,48.0,0.0,48.0,48.0,24.0,48.0,0.0,48.0,0.0,72.0,0.0,0.0,0.0,48.0,24.0,48.0,48.0,84.0,0.0,0.0,0.0,48.0,24.0,0.0,24.0,0.0,48.0,48.0,48.0,0.0,48.0,0.0,0.0,48.0,72.0,72.0,0.0,0.0,72.0,72.0,48.0,24.0,0.0,,,,,
554,,0.0,,0.0,0.0,,0.0,,0.0,0.0,0.0,0.0,0.0,0.0,0.0,,0.0,0.0,0.0,,0.0,,0.0,0.0,0.0,,15.4,0.0,0.0,0.0,0.0,,0.0,0.0,0.0,0.0,,0.0,0.0,22.4,0.0,0.0,0.0,,0.0,0.0,0.0,,0.0,0.0,0.0,0.0,14.0,0.0,0.0,,,,,
557,,0.0,,,,,,0.0,,,0.0,,,,,0.0,,0.0,,,,,,,,,,,,,,,,,,,,,,0.0,0.0,0.0,0.0,0.0,0.0,0.0,,,0.0,0.0,28.0,,0.0,0.0,0.0,,,,,
558,,0.0,0.0,0.0,0.0,0.0,0.0,0.0,0.0,,0.0,85.5,0.0,28.5,28.5,,28.5,,,85.5,,0.0,,0.0,0.0,57.0,57.0,,57.0,0.0,0.0,0.0,57.0,0.0,,28.5,28.5,0.0,28.5,0.0,0.0,0.0,0.0,0.0,0.0,0.0,,,0.0,57.0,57.0,0.0,28.5,57.0,28.5,28.5,,,,
559,0.0,0.0,0.0,0.0,0.0,0.0,0.0,,0.0,0.0,0.0,57.0,0.0,85.5,85.5,85.5,57.0,85.5,0.0,57.0,0.0,0.0,,0.0,0.0,28.5,57.0,28.5,28.5,0.0,0.0,0.0,28.5,28.5,0.0,85.5,57.0,57.0,0.0,28.5,0.0,0.0,0.0,0.0,28.5,0.0,,,0.0,28.5,57.0,0.0,85.5,28.5,57.0,,,,,
562,,,,,,,,,,,,,,,,,,,,,0.0,,,,,,30.0,,,,,,,,,,,,0.0,,,,,,0.0,,0.0,,,,0.0,,,,0.0,,,,,
563,0.0,,,,0.0,,0.0,,,,0.0,,,0.0,,,0.0,,,28.5,,,0.0,,,,,,0.0,,0.0,,,,0.0,,,0.0,,0.0,0.0,0.0,0.0,,0.0,,28.5,,,27.0,0.0,,0.0,,0.0,,,,,
564,,0.0,,,0.0,,,,,0.0,,,,22.5,,,21.0,,21.0,,,,0.0,,,,0.0,,,,,,27.0,,,,15.0,,,0.0,0.0,,0.0,25.5,0.0,28.5,28.5,,0.0,25.5,0.0,20.65,0.0,28.5,28.5,,,,,
566,0.0,0.0,0.0,0.0,0.0,0.0,0.0,,0.0,0.0,,0.0,24.0,,24.0,24.0,24.0,0.0,68.0,,24.0,24.0,,24.0,0.0,0.0,0.0,,24.0,,24.0,,0.0,,24.0,,22.0,0.0,0.0,24.0,0.0,0.0,0.0,,5.0,0.0,0.0,,0.0,0.0,24.0,0.0,24.0,0.0,0.0,,,,,
567,0.0,0.0,0.0,0.0,0.0,0.0,0.0,0.0,0.0,0.0,0.0,0.0,28.0,0.0,0.0,0.0,28.0,0.0,0.0,0.0,0.0,28.0,0.0,0.0,28.0,0.0,0.0,28.0,,0.0,0.0,,0.0,0.0,0.0,0.0,0.0,0.0,0.0,0.0,0.0,0.0,0.0,0.0,0.0,0.0,0.0,0.0,0.0,0.0,0.0,0.0,0.0,0.0,0.0,,,,,
570,0.0,0.0,0.0,0.0,0.0,0.0,0.0,,0.0,0.0,0.0,0.0,0.0,0.0,0.0,,0.0,,0.0,,,0.0,0.0,0.0,,0.0,0.0,,,,0.0,,,,0.0,,,,0.0,0.0,0.0,0.0,0.0,,,0.0,0.0,0.0,27.0,0.0,0.0,0.0,0.0,0.0,0.0,,,,,
575,,0.0,0.0,0.0,0.0,0.0,0.0,,0.0,0.0,0.0,,90.0,,0.0,,60.0,0.0,30.0,,90.0,60.0,0.0,0.0,30.0,0.0,30.0,0.0,0.0,,30.0,,30.0,0.0,0.0,30.0,,0.0,,30.0,0.0,0.0,0.0,0.0,0.0,0.0,0.0,0.0,30.0,0.0,0.0,0.0,30.0,30.0,0.0,90.0,,,,
577,0.0,0.0,0.0,0.0,0.0,0.0,0.0,0.0,0.0,0.0,0.0,15.0,15.0,0.0,0.0,12.0,0.0,23.0,22.0,24.0,0.0,20.0,0.0,32.0,19.0,0.0,22.0,0.0,0.0,0.0,0.0,0.0,0.0,10.0,0.0,40.0,13.0,0.0,28.0,0.0,24.0,10.0,0.0,13.0,0.0,13.0,0.0,26.0,28.0,14.0,0.0,12.0,0.0,28.0,28.0,,,,,
579,,,0.0,,0.0,,0.0,,,0.0,,0.0,,,,0.0,,,0.0,,0.0,,,27.0,,,0.0,,,,0.0,,,,0.0,,0.0,,,0.0,0.0,27.0,0.0,,0.0,27.0,0.0,,27.0,27.0,,27.0,0.0,0.0,27.0,,,,,
584,0.0,,,0.0,0.0,0.0,0.0,,0.0,,0.0,0.0,,0.0,0.0,0.0,,0.0,0.0,,0.0,0.0,0.0,,0.0,0.0,0.0,,0.0,0.0,,0.0,0.0,,0.0,0.0,,0.0,,28.5,0.0,0.0,0.0,,0.0,28.5,0.0,,57.0,0.0,28.5,28.5,28.5,28.5,28.5,57.0,28.5,28.5,28.5,28.5
585,0.0,,,0.0,,,0.0,,,0.0,,,,0.0,,27.0,,0.0,,,,,,,,,,,,,,,,,,,,,27.0,,,,,,,,0.0,,0.0,0.0,0.0,27.0,0.0,0.0,0.0,,,,,
587,0.0,0.0,0.0,0.0,0.0,0.0,0.0,0.0,0.0,0.0,0.0,0.0,0.0,0.0,0.0,0.0,0.0,0.0,0.0,0.0,0.0,0.0,0.0,0.0,64.0,0.0,0.0,0.0,0.0,0.0,0.0,0.0,0.0,0.0,0.0,0.0,192.0,0.0,0.0,0.0,0.0,0.0,0.0,0.0,0.0,0.0,0.0,0.0,0.0,0.0,0.0,0.0,0.0,0.0,0.0,,,,,
589,,0.0,0.0,0.0,0.0,0.0,,,,0.0,0.0,0.0,,,,0.0,,0.0,0.0,,0.0,,0.0,,,,,0.0,,0.0,,,,0.0,,,,,,,,0.0,0.0,,,0.0,,,0.0,,,,,0.0,0.0,,,,,
591,,0.0,,,,,0.0,,,,,32.0,,,0.0,,,,,,32.0,,,,0.0,,,,,0.0,,,,,0.0,,,,,0.0,0.0,0.0,0.0,0.0,0.0,0.0,0.0,0.0,0.0,0.0,0.0,0.0,0.0,0.0,0.0,,,,,
593,0.0,0.0,0.0,0.0,0.0,0.0,0.0,0.0,0.0,0.0,0.0,0.0,0.0,0.0,0.0,0.0,0.0,0.0,0.0,0.0,0.0,0.0,0.0,0.0,0.0,0.0,0.0,,0.0,0.0,0.0,0.0,0.0,0.0,0.0,0.0,0.0,0.0,0.0,0.0,0.0,0.0,0.0,0.0,0.0,0.0,0.0,0.0,0.0,0.0,0.0,0.0,0.0,0.0,0.0,,,,,
594,0.0,0.0,0.0,0.0,0.0,0.0,0.0,0.0,0.0,0.0,0.0,0.0,0.0,0.0,0.0,0.0,0.0,0.0,0.0,0.0,288.0,0.0,0.0,0.0,96.0,0.0,0.0,0.0,0.0,0.0,0.0,0.0,0.0,0.0,0.0,0.0,0.0,0.0,0.0,0.0,0.0,0.0,0.0,0.0,0.0,0.0,0.0,0.0,0.0,0.0,0.0,0.0,0.0,0.0,0.0,,,,,
595,0.0,0.0,0.0,0.0,0.0,0.0,0.0,0.0,0.0,0.0,0.0,0.0,0.0,0.0,0.0,0.0,128.0,0.0,0.0,0.0,320.0,0.0,0.0,0.0,96.0,0.0,0.0,0.0,0.0,0.0,0.0,0.0,160.0,0.0,0.0,0.0,0.0,0.0,0.0,0.0,0.0,0.0,0.0,0.0,64.0,0.0,0.0,0.0,0.0,0.0,0.0,0.0,0.0,0.0,0.0,,,,,
602,,0.0,0.0,0.0,0.0,,,0.0,0.0,0.0,0.0,64.0,0.0,0.0,60.0,0.0,0.0,0.0,0.0,64.0,0.0,0.0,,0.0,0.0,0.0,0.0,0.0,0.0,0.0,224.0,128.0,0.0,288.0,256.0,0.0,0.0,0.0,0.0,0.0,0.0,0.0,0.0,0.0,0.0,0.0,0.0,0.0,0.0,0.0,0.0,0.0,274.0,0.0,270.0,318.0,,,,
605,0.0,,,0.0,,0.0,,,0.0,,0.0,,,0.0,,0.0,,0.0,,0.0,,0.0,,0.0,,0.0,,,0.0,,0.0,,,,,,,,,,,,,,,,,,0.0,0.0,0.0,0.0,0.0,0.0,0.0,,,,,
606,,,,0.0,,0.0,,,,,,28.5,,,,,28.5,,,,28.5,,,,,,,28.5,,,,,,0.0,,,,,,28.5,0.0,,,,0.0,0.0,,,28.5,,,28.5,0.0,,,28.5,,,,
608,0.0,,0.0,0.0,,0.0,,,0.0,0.0,,,0.0,,,0.0,,0.0,,,0.0,,,,,,,,,,,,,,,,,,,0.0,0.0,0.0,0.0,,0.0,0.0,0.0,0.0,0.0,0.0,0.0,0.0,0.0,0.0,0.0,,,,,
613,0.0,,0.0,0.0,0.0,,0.0,,0.0,,,14.0,,,,0.0,0.0,,24.5,0.0,,0.0,,,28.0,,28.0,,,0.0,0.0,,0.0,0.0,0.0,,,0.0,,28.0,0.0,,0.0,,,28.0,28.0,,11.2,28.0,,7.0,18.2,7.0,7.0,,,,,
614,0.0,,0.0,0.0,0.0,0.0,,0.0,,,0.0,13.5,28.0,0.0,0.0,,0.0,,0.0,0.0,0.0,0.0,28.5,,28.5,0.0,0.0,,,28.5,0.0,,28.5,0.0,0.0,,28.5,0.0,0.0,,28.5,,,,28.5,28.5,28.5,,16.5,28.5,,21.5,9.0,21.0,21.0,,,,,
618,,,0.0,,0.0,,,,,,,,,,,,,,,,,,,,,,,,,,,,,,,,,0.0,,0.0,,0.0,0.0,,0.0,,0.0,6.0,,,0.0,5.0,0.0,,0.0,,,,,
621,0.0,0.0,0.0,0.0,0.0,0.0,0.0,0.0,0.0,0.0,0.0,0.0,96.0,0.0,0.0,0.0,32.0,0.0,0.0,0.0,0.0,128.0,0.0,0.0,288.0,0.0,192.0,256.0,192.0,0.0,64.0,0.0,160.0,0.0,0.0,0.0,0.0,0.0,0.0,32.0,0.0,224.0,0.0,320.0,0.0,0.0,0.0,96.0,224.0,0.0,0.0,0.0,0.0,32.0,0.0,,,,,
623,0.0,,0.0,,,0.0,0.0,,,,0.0,,0.0,,,0.0,,0.0,,,0.0,,21.0,,,0.0,,0.0,,,0.0,,0.0,0.0,19.5,15.0,,,0.0,12.0,0.0,0.0,22.5,0.0,0.0,0.0,0.0,,16.5,0.0,0.0,,24.0,21.0,28.5,,,,,
626,,,,,,,,,0.0,,,,,,,,,,,,,,,,,,,,,,0.0,,,,,,,,,,3.0,,,,,0.0,,,3.0,,,,,0.0,0.0,,,,,
627,0.0,0.0,0.0,0.0,,,,,,0.0,0.0,,,,0.0,2112.0,0.0,,,,,,1440.0,0.0,0.0,0.0,0.0,0.0,0.0,,,,1696.0,0.0,,,,0.0,0.0,0.0,0.0,,,,832.0,,,832.0,544.0,0.0,320.0,0.0,0.0,576.0,0.0,,,,,
630,0.0,,,,0.0,,,,,0.0,,0.0,,,,0.0,0.0,,,,,,,,,,0.0,,0.0,,,,,0.0,,,30.0,,0.0,0.0,,,,,,0.0,,,0.0,,0.0,,0.0,0.0,0.0,,,,,
631,0.0,0.0,0.0,0.0,0.0,0.0,0.0,0.0,0.0,0.0,0.0,0.0,1920.0,0.0,0.0,0.0,0.0,0.0,0.0,0.0,0.0,0.0,0.0,0.0,1824.0,0.0,0.0,0.0,0.0,0.0,0.0,1600.0,0.0,0.0,0.0,0.0,0.0,0.0,0.0,0.0,1312.0,1536.0,0.0,0.0,1216.0,0.0,0.0,0.0,992.0,1696.0,1696.0,0.0,1408.0,0.0,1504.0,,,,,
632,0.0,,0.0,,0.0,0.0,,0.0,,0.0,,,27.0,,0.0,,27.0,0.0,0.0,,0.0,0.0,,,0.0,,0.0,,0.0,,0.0,,,0.0,,,,0.0,0.0,,0.0,0.0,0.0,,0.0,0.0,0.0,0.0,0.0,0.0,0.0,0.0,0.0,0.0,0.0,,,,,
633,,,,,,,,,,,0.0,,,,,,,,,0.0,,,,,0.0,,,,,0.0,,,,0.0,,0.0,,,0.0,0.0,0.0,0.0,0.0,0.0,0.0,0.0,0.0,0.0,0.0,,0.0,0.0,0.0,0.0,0.0,,,,,
641,0.0,0.0,0.0,0.0,0.0,0.0,0.0,0.0,0.0,0.0,0.0,32.0,32.0,0.0,0.0,64.0,0.0,0.0,32.0,,32.0,,,0.0,0.0,0.0,32.0,32.0,0.0,0.0,32.0,32.0,32.0,0.0,0.0,0.0,32.0,0.0,32.0,0.0,0.0,0.0,0.0,0.0,0.0,0.0,0.0,0.0,0.0,0.0,0.0,0.0,0.0,0.0,0.0,,,,,
644,,0.0,,,,,,,,,,,0.0,,,,0.0,,,,0.0,,,,,,0.0,,,,,0.0,,,,,,0.0,,,0.0,,,0.0,,,0.0,,0.0,0.0,0.0,0.0,0.0,0.0,0.0,,,,,
646,0.0,0.0,0.0,0.0,0.0,0.0,0.0,0.0,0.0,0.0,0.0,0.0,448.0,0.0,0.0,96.0,64.0,0.0,96.0,32.0,64.0,32.0,0.0,128.0,160.0,0.0,0.0,32.0,0.0,32.0,32.0,0.0,0.0,0.0,0.0,64.0,96.0,0.0,64.0,0.0,0.0,32.0,32.0,96.0,32.0,0.0,0.0,32.0,32.0,0.0,0.0,32.0,0.0,0.0,0.0,,,,,
647,0.0,0.0,0.0,0.0,0.0,0.0,0.0,0.0,0.0,0.0,0.0,0.0,21.0,0.0,0.0,0.0,0.0,0.0,0.0,0.0,0.0,0.0,0.0,0.0,21.0,0.0,0.0,0.0,0.0,0.0,0.0,0.0,0.0,0.0,0.0,0.0,0.0,0.0,0.0,0.0,0.0,0.0,0.0,0.0,0.0,0.0,20.999,0.0,0.0,0.0,0.0,0.0,0.0,0.0,0.0,,,,,
649,,0.0,0.0,0.0,0.0,0.0,0.0,0.0,0.0,0.0,0.0,0.0,0.0,0.0,0.0,0.0,0.0,0.0,0.0,0.0,0.0,0.0,0.0,0.0,96.0,,0.0,0.0,0.0,0.0,0.0,0.0,0.0,0.0,0.0,0.0,0.0,0.0,0.0,0.0,0.0,0.0,0.0,0.0,0.0,0.0,0.0,0.0,0.0,0.0,0.0,0.0,0.0,96.0,0.0,,,,,
650,,0.0,0.0,0.0,0.0,0.0,0.0,0.0,0.0,0.0,0.0,0.0,0.0,0.0,0.0,0.0,0.0,0.0,0.0,0.0,0.0,0.0,0.0,0.0,0.0,0.0,0.0,0.0,0.0,0.0,0.0,0.0,0.0,0.0,0.0,0.0,0.0,0.0,0.0,0.0,0.0,0.0,0.0,0.0,0.0,0.0,0.0,0.0,0.0,0.0,0.0,0.0,0.0,96.0,0.0,,,,,
651,,0.0,,,,,0.0,,,,,0.0,,,,,0.0,,,,,,0.0,,,,,,,,0.0,,,,,,0.0,,,0.0,0.0,0.0,0.0,0.0,0.0,30.0,0.0,0.0,0.0,0.0,0.0,0.0,0.0,0.0,0.0,,,,,
652,0.0,0.0,0.0,0.0,0.0,0.0,0.0,0.0,0.0,0.0,0.0,0.0,0.0,0.0,0.0,0.0,0.0,256.0,224.0,0.0,288.0,256.0,0.0,0.0,256.0,0.0,0.0,0.0,0.0,0.0,0.0,,192.0,0.0,0.0,,224.0,0.0,0.0,0.0,0.0,160.0,190.0,160.0,256.0,0.0,0.0,0.0,0.0,128.0,224.0,128.0,192.0,128.0,128.0,,,,,
657,,,,,,,,,,,,,,,,,,,,,,,,,,,,,,0.0,0.0,,0.0,0.0,,24.0,,0.0,22.0,0.0,0.0,0.0,0.0,0.0,0.0,0.0,0.0,22.0,0.0,0.0,0.0,0.0,0.0,0.0,0.0,,,,,
658,0.0,0.0,0.0,0.0,0.0,0.0,0.0,0.0,0.0,0.0,0.0,0.0,768.0,0.0,0.0,0.0,0.0,0.0,0.0,0.0,0.0,0.0,0.0,0.0,1408.0,,0.0,0.0,0.0,0.0,0.0,0.0,0.0,0.0,0.0,0.0,0.0,0.0,0.0,0.0,0.0,0.0,0.0,0.0,0.0,0.0,0.0,0.0,0.0,0.0,0.0,0.0,0.0,0.0,0.0,,,,,
659,0.0,0.0,0.0,0.0,0.0,0.0,0.0,0.0,0.0,0.0,0.0,0.0,2816.0,0.0,0.0,0.0,0.0,0.0,0.0,0.0,0.0,0.0,0.0,0.0,2728.0,0.0,0.0,0.0,0.0,0.0,0.0,0.0,0.0,0.0,0.0,0.0,0.0,0.0,0.0,0.0,0.0,0.0,0.0,0.0,0.0,0.0,0.0,0.0,0.0,0.0,0.0,0.0,0.0,0.0,0.0,,,,,
661,0.0,0.0,0.0,0.0,0.0,0.0,0.0,0.0,0.0,0.0,0.0,0.0,0.0,0.0,0.0,0.0,0.0,0.0,0.0,0.0,0.0,0.0,0.0,0.0,0.0,0.0,0.0,0.0,0.0,0.0,0.0,0.0,0.0,0.0,0.0,0.0,0.0,0.0,0.0,0.0,0.0,0.0,0.0,0.0,0.0,0.0,0.0,0.0,0.0,0.0,0.0,0.0,0.0,0.0,0.0,,,,,
662,0.0,0.0,0.0,0.0,0.0,0.0,0.0,0.0,0.0,0.0,0.0,0.0,64.0,0.0,0.0,0.0,0.0,0.0,0.0,0.0,0.0,0.0,0.0,0.0,0.0,0.0,0.0,0.0,0.0,0.0,0.0,0.0,0.0,0.0,0.0,0.0,64.0,0.0,0.0,0.0,0.0,0.0,0.0,0.0,0.0,0.0,0.0,0.0,0.0,0.0,0.0,0.0,0.0,0.0,0.0,,,,,
663,0.0,0.0,0.0,0.0,0.0,0.0,0.0,0.0,0.0,0.0,0.0,0.0,0.0,,0.0,0.0,0.0,0.0,0.0,0.0,0.0,,0.0,0.0,0.0,0.0,0.0,0.0,0.0,0.0,0.0,0.0,0.0,0.0,0.0,0.0,0.0,0.0,0.0,0.0,0.0,0.0,0.0,0.0,0.0,0.0,0.0,0.0,0.0,0.0,0.0,0.0,0.0,0.0,0.0,,,,,
664,0.0,0.0,0.0,0.0,0.0,0.0,0.0,0.0,0.0,0.0,0.0,0.0,32.0,0.0,0.0,0.0,0.0,0.0,0.0,0.0,0.0,0.0,0.0,0.0,0.0,0.0,0.0,0.0,0.0,0.0,0.0,0.0,0.0,0.0,0.0,0.0,0.0,0.0,0.0,0.0,0.0,0.0,0.0,0.0,0.0,0.0,0.0,0.0,0.0,0.0,0.0,0.0,0.0,0.0,0.0,,,,,
666,,,,,,,,,,,,,,,,,,0.0,0.0,0.0,0.0,0.0,0.0,0.0,0.0,0.0,0.0,0.0,0.0,0.0,0.0,0.0,0.0,0.0,0.0,0.0,0.0,0.0,0.0,0.0,0.0,0.0,0.0,0.0,0.0,0.0,0.0,0.0,0.0,0.0,0.0,0.0,0.0,0.0,0.0,,,,,
667,,0.0,,,,,0.0,,,0.0,,,,12.0,,12.0,,,,,12.0,,,,,,,,,,0.0,,,,,,,0.0,,,0.0,,0.0,,0.0,0.0,,,0.0,,,,0.0,0.0,0.0,,,,,
668,,,,,,,,,,,,,,,,,,0.0,0.0,0.0,0.0,0.0,0.0,,,0.0,0.0,0.0,0.0,0.0,0.0,0.0,0.0,0.0,0.0,0.0,0.0,0.0,0.0,0.0,0.0,0.0,0.0,0.0,0.0,0.0,0.0,0.0,0.0,0.0,0.0,0.0,0.0,0.0,0.0,,,,,
670,0.0,,0.0,,0.0,0.0,0.0,0.0,0.0,0.0,0.0,0.0,0.0,0.0,,0.0,0.0,,0.0,,0.0,0.0,0.0,0.0,0.0,0.0,0.0,28.0,0.0,,0.0,28.0,,,0.0,,,,,0.0,0.0,0.0,0.0,0.0,0.0,0.0,0.0,0.0,0.0,0.0,28.0,28.0,0.0,0.0,0.0,,,,,
673,,0.0,0.0,0.0,0.0,0.0,0.0,0.0,0.0,0.0,0.0,28.0,,,0.0,0.0,0.0,0.0,24.5,0.0,,0.0,0.0,0.0,0.0,0.0,0.0,,0.0,0.0,0.0,0.0,0.0,0.0,0.0,28.0,28.0,0.0,28.0,28.0,0.0,28.0,28.0,28.0,28.0,14.0,28.0,28.0,0.0,0.0,56.0,28.0,28.0,28.0,28.0,,,,,
674,,,,,,,,,,,,,,,,0.0,,,,,,,,,,,,,,,,,,,,,,,,,,,,,,0.0,,,0.0,,0.0,0.0,0.0,0.0,0.0,,,,,
675,0.0,0.0,0.0,0.0,0.0,0.0,0.0,0.0,0.0,0.0,28.5,24.0,,0.0,0.0,0.0,0.0,28.5,28.5,0.0,0.0,0.0,28.5,0.0,0.0,0.0,0.0,,0.0,0.0,19.5,0.0,0.0,0.0,0.0,0.0,28.5,28.5,57.0,28.5,0.0,24.0,28.5,28.5,28.5,52.5,48.0,0.0,45.0,28.5,57.0,28.5,70.5,85.5,57.0,,,,,
678,0.0,,,,,,0.0,,,,16.5,,,0.0,,,0.0,,,,28.5,,0.0,,,,,,,,,,28.5,,,,,,28.5,,0.0,,0.0,,0.0,,28.5,,0.0,,28.5,,0.0,0.0,0.0,28.5,,,,
679,0.0,0.0,0.0,0.0,0.0,0.0,0.0,,0.0,0.0,0.0,0.0,0.0,0.0,0.0,0.0,0.0,0.0,0.0,,0.0,0.0,0.0,0.0,0.0,,0.0,0.0,,0.0,0.0,,0.0,0.0,0.0,0.0,0.0,0.0,0.0,0.0,0.0,0.0,0.0,0.0,0.0,0.0,0.0,0.0,0.0,0.0,0.0,0.0,0.0,0.0,0.0,,,,,
683,0.0,,0.0,0.0,0.0,0.0,0.0,0.0,0.0,0.0,0.0,0.0,0.0,0.0,0.0,0.0,0.0,0.0,0.0,0.0,0.0,0.0,0.0,0.0,64.0,0.0,0.0,0.0,0.0,0.0,0.0,0.0,0.0,0.0,0.0,0.0,0.0,0.0,0.0,0.0,0.0,0.0,0.0,0.0,0.0,0.0,0.0,0.0,0.0,0.0,0.0,0.0,0.0,0.0,0.0,,,,,
684,0.0,0.0,0.0,0.0,0.0,0.0,0.0,0.0,0.0,0.0,0.0,0.0,0.0,0.0,,,0.0,0.0,0.0,0.0,0.0,0.0,0.0,,,,,,,,,,,,,,,,,,,,,,,,,,0.0,0.0,0.0,0.0,0.0,32.0,0.0,,,,,
686,,0.0,0.0,,0.0,,0.0,,,0.0,,0.0,0.0,,0.0,,25.0,25.0,0.0,0.0,25.0,25.0,,25.0,25.0,25.0,0.0,0.0,25.0,25.0,25.0,,,,25.0,25.0,24.999,,,24.999,0.0,0.0,0.0,,,0.0,,,0.0,0.0,0.0,0.0,0.0,0.0,0.0,,,,,
687,,,,0.0,,,,0.0,,,0.0,,,,0.0,,,,,0.0,,,0.0,,,,0.0,,0.0,11.0,,,,0.0,,,0.0,,0.0,11.0,0.0,0.0,0.0,0.0,0.0,0.0,0.0,0.0,0.0,0.0,0.0,0.0,0.0,0.0,0.0,,,,,
690,0.0,0.0,0.0,0.0,0.0,0.0,0.0,0.0,0.0,0.0,0.0,0.0,0.0,0.0,0.0,0.0,96.0,0.0,0.0,0.0,0.0,128.0,0.0,0.0,0.0,0.0,0.0,0.0,0.0,0.0,0.0,0.0,64.0,0.0,0.0,0.0,0.0,0.0,0.0,0.0,0.0,0.0,0.0,0.0,64.0,0.0,0.0,0.0,0.0,0.0,0.0,0.0,0.0,0.0,0.0,,,,,
691,0.0,,0.0,0.0,0.0,0.0,0.0,,0.0,0.0,0.0,0.0,,,0.0,,0.0,0.0,0.0,,,0.0,,,,0.0,,,0.0,,,,0.0,0.0,,0.0,0.0,,0.0,0.0,0.0,0.0,0.0,0.0,0.0,0.0,0.0,0.0,0.0,0.0,0.0,0.0,0.0,0.0,0.0,,,,,
692,,,,,,,,,,,,,,,,,0.0,27.0,27.0,81.0,54.0,54.0,0.0,0.0,0.0,,,,,,,,,,0.0,,,,,0.0,0.0,,,6.0,0.0,12.0,0.0,,7.5,7.5,7.5,0.0,,,0.0,,,,,
693,,,,,,,,,,,,,,,,,0.0,48.0,72.0,,96.0,,,,,,,,,,,,,24.0,0.0,,24.0,24.0,24.0,0.0,24.0,24.0,24.0,42.0,24.0,24.0,0.0,0.0,19.0,19.0,19.0,0.0,24.0,0.0,0.0,24.0,,,,
700,0.0,0.0,0.0,0.0,0.0,0.0,0.0,0.0,0.0,0.0,0.0,0.0,0.0,0.0,0.0,0.0,0.0,0.0,0.0,0.0,0.0,0.0,0.0,0.0,0.0,0.0,0.0,0.0,0.0,0.0,0.0,0.0,0.0,0.0,0.0,0.0,0.0,0.0,0.0,0.0,0.0,0.0,0.0,0.0,160.0,0.0,0.0,0.0,0.0,0.0,0.0,0.0,0.0,0.0,0.0,,,,,
701,0.0,0.0,0.0,0.0,0.0,0.0,0.0,,0.0,0.0,0.0,28.5,28.5,0.0,0.0,0.0,28.5,0.0,0.0,,0.0,,,,,,,,,,,,,,,,,,,,,,,,,,,,0.0,,,,0.0,0.0,0.0,,,,,
703,,,,,,,,,,,,,,,,,,,,,0.0,0.0,0.0,0.0,0.0,0.0,57.0,,,28.5,57.0,,0.0,0.0,28.5,0.0,28.5,0.0,28.5,0.0,0.0,0.0,0.0,0.0,0.0,85.5,28.5,57.0,0.0,57.0,57.0,57.0,57.0,28.5,28.5,,,,,
704,0.0,0.0,0.0,0.0,0.0,0.0,0.0,0.0,0.0,0.0,0.0,0.0,0.0,0.0,0.0,0.0,0.0,0.0,0.0,0.0,0.0,0.0,0.0,0.0,0.0,0.0,0.0,0.0,0.0,0.0,0.0,0.0,0.0,0.0,0.0,0.0,0.0,0.0,0.0,0.0,0.0,0.0,0.0,0.0,0.0,0.0,0.0,0.0,0.0,0.0,0.0,0.0,0.0,0.0,0.0,,,,,
706,,0.0,0.0,,0.0,,0.0,,,,28.5,,28.5,,0.0,,,0.0,28.5,,,,,,,,,,,,,,,,,,,,,,28.5,,,,,,57.0,,28.5,,0.0,,0.0,0.0,0.0,,,,,
714,,,,,,,,,,,,,,,,,,,,,,,,,,,,,,,,,,,,,,,,,,,,28.5,0.0,28.5,,,28.5,0.0,57.0,28.5,57.0,28.5,0.0,,,,,
716,,0.0,0.0,,0.0,,0.0,,,0.0,,0.0,,0.0,,,0.0,,0.0,,,0.0,,0.0,,,,,,,,,,,,,,,,0.0,0.0,0.0,0.0,0.0,0.0,0.0,0.0,0.0,0.0,0.0,0.0,0.0,,0.0,0.0,,,,,
719,0.0,0.0,0.0,0.0,0.0,0.0,0.0,0.0,0.0,0.0,0.0,0.0,1952.0,0.0,0.0,0.0,0.0,0.0,0.0,0.0,0.0,0.0,0.0,0.0,1856.0,0.0,0.0,0.0,0.0,,,,0.0,0.0,0.0,0.0,0.0,0.0,0.0,0.0,0.0,0.0,0.0,0.0,0.0,0.0,0.0,0.0,32.0,0.0,0.0,0.0,0.0,0.0,0.0,,,,,
721,0.0,0.0,0.0,0.0,0.0,0.0,0.0,0.0,0.0,0.0,0.0,0.0,0.0,0.0,0.0,0.0,0.0,0.0,0.0,0.0,0.0,0.0,0.0,0.0,0.0,0.0,0.0,0.0,32.0,0.0,0.0,0.0,0.0,0.0,0.0,0.0,0.0,0.0,0.0,0.0,0.0,0.0,0.0,0.0,224.0,0.0,0.0,0.0,0.0,0.0,0.0,0.0,0.0,0.0,0.0,,,,,
723,0.0,,,0.0,,0.0,,0.0,,0.0,,0.0,0.0,,0.0,0.0,0.0,,0.0,,,22.0,0.0,0.0,0.0,,0.0,0.0,,24.0,,0.0,0.0,,24.0,,23.0,,24.0,,24.0,0.0,24.0,24.0,0.0,0.0,0.0,,0.0,24.0,24.0,,23.0,0.0,24.0,,,,,
727,,,,,,,,,0.0,0.0,,0.0,,0.0,,32.0,,0.0,,0.0,,,0.0,,0.0,,,,,,0.0,,0.0,,,,,,,0.0,,0.0,,0.0,,,0.0,,0.0,,,,0.0,0.0,0.0,,,,,
729,0.0,0.0,0.0,0.0,0.0,0.0,0.0,0.0,0.0,0.0,0.0,0.0,0.0,0.0,0.0,0.0,0.0,0.0,0.0,0.0,0.0,0.0,0.0,0.0,0.0,0.0,0.0,0.0,0.0,0.0,0.0,0.0,0.0,0.0,0.0,0.0,0.0,0.0,0.0,0.0,0.0,0.0,0.0,0.0,0.0,0.0,0.0,0.0,0.0,0.0,0.0,0.0,0.0,0.0,0.0,,,,,
730,0.0,,,0.0,,,0.0,,,0.0,,,0.0,,,0.0,,0.0,,,0.0,,0.0,,,0.0,,,0.0,,0.0,,0.0,,24.0,0.0,24.0,,0.0,0.0,0.0,,0.0,0.0,0.0,0.0,0.0,0.0,0.0,0.0,0.0,0.0,0.0,0.0,0.0,,,,,
731,,,,,,,,,,,,,,,,,,,,,,,,,,,,,,,,,,,,,,,,,0.0,0.0,0.0,,0.0,0.0,0.0,0.0,0.0,0.0,0.0,0.0,0.0,0.0,0.0,,,,,
737,,,,,,,,,,,,,,,,,,,,,,,,,0.0,0.0,0.0,0.0,0.0,0.0,0.0,0.0,0.0,0.0,0.0,0.0,0.0,0.0,0.0,0.0,0.0,0.0,0.0,0.0,0.0,0.0,0.0,0.0,576.0,0.0,0.0,0.0,0.0,0.0,0.0,,,,,
744,,,,,,,,,,,,,,,,,,,,,,,,,,,0.0,24.0,,24.0,24.0,,48.0,0.0,72.0,48.0,24.0,47.0,48.0,48.0,24.0,24.0,24.0,0.0,0.0,0.0,0.0,0.0,0.0,24.0,72.0,48.0,72.0,48.0,0.0,,,,,
748,,,,,,,,,,,,,,,,,,,,,,,,,,,,,,,,,,,,,0.0,,,0.0,0.0,0.0,0.0,0.0,0.0,0.0,20.0,0.0,0.0,0.0,0.0,0.0,0.0,0.0,0.0,,,,,
752,,,,,,,,,,,,,,,,,,,,,,,,,,,,,,,,,,,,,,0.0,,,,0.0,,,0.0,,0.0,,0.0,,,0.0,,,0.0,,,,,
755,0.0,0.0,0.0,0.0,0.0,0.0,0.0,0.0,0.0,0.0,0.0,0.0,50.0,0.0,0.0,0.0,0.0,0.0,0.0,100.0,0.0,0.0,0.0,0.0,0.0,0.0,0.0,0.0,0.0,0.0,0.0,0.0,0.0,0.0,0.0,0.0,0.0,0.0,0.0,0.0,0.0,0.0,0.0,0.0,0.0,0.0,0.0,0.0,0.0,0.0,0.0,0.0,0.0,0.0,150.0,,,,,
756,,,0.0,0.0,,,0.0,,0.0,,0.0,,0.0,,0.0,0.0,,0.0,,0.0,0.0,0.0,,,0.0,,0.0,,0.0,,0.0,,0.0,,0.0,,,0.0,,0.0,0.0,0.0,0.0,0.0,0.0,0.0,0.0,0.0,0.0,0.0,0.0,23.75,,0.0,0.0,,,,,
758,0.0,0.0,0.0,0.0,0.0,0.0,0.0,0.0,0.0,0.0,0.0,0.0,52.0,0.0,0.0,0.0,0.0,0.0,0.0,0.0,52.0,0.0,0.0,0.0,0.0,0.0,0.0,0.0,0.0,0.0,0.0,0.0,0.0,130.0,26.0,104.0,125.0,0.0,0.0,0.0,0.0,0.0,260.0,26.0,50.0,0.0,0.0,0.0,312.0,0.0,0.0,0.0,0.0,0.0,0.0,,,,,
759,0.0,0.0,0.0,0.0,0.0,0.0,0.0,0.0,0.0,0.0,0.0,0.0,75.0,0.0,0.0,0.0,0.0,0.0,0.0,0.0,0.0,0.0,0.0,0.0,50.0,0.0,0.0,0.0,0.0,0.0,0.0,0.0,0.0,0.0,0.0,0.0,0.0,0.0,0.0,0.0,0.0,0.0,0.0,0.0,0.0,0.0,0.0,0.0,0.0,0.0,0.0,0.0,0.0,0.0,0.0,,,,,
760,,,0.0,0.0,,,,0.0,,0.0,0.0,0.0,0.0,0.0,0.0,0.0,0.0,0.0,0.0,,24.0,,24.0,0.0,,24.0,0.0,24.0,,24.0,0.0,,24.0,0.0,0.0,24.0,0.0,,24.0,0.0,0.0,0.0,0.0,48.0,24.0,24.0,0.0,0.0,0.0,0.0,0.0,24.0,0.0,0.0,0.0,,,,,
765,0.0,0.0,0.0,0.0,0.0,0.0,0.0,0.0,0.0,0.0,0.0,0.0,0.0,0.0,0.0,0.0,0.0,0.0,0.0,0.0,0.0,0.0,0.0,0.0,0.0,0.0,0.0,0.0,0.0,0.0,0.0,0.0,0.0,0.0,0.0,0.0,0.0,0.0,0.0,0.0,0.0,0.0,0.0,0.0,0.0,0.0,0.0,0.0,0.0,0.0,0.0,0.0,0.0,0.0,0.0,,,,,
769,0.0,,0.0,0.0,,,0.0,,,0.0,0.0,,,0.0,,,0.0,,0.0,,,,24.5,,24.5,,0.0,,,24.5,,,24.5,,0.0,,,0.0,,0.0,24.5,0.0,0.0,24.5,0.0,0.0,0.0,0.0,24.5,0.0,0.0,0.0,0.0,0.0,24.5,,,,,
770,,0.0,,,0.0,0.0,,0.0,,,,,,0.0,0.0,,0.0,,24.0,0.0,0.0,,,,25.0,,0.0,0.0,,,0.0,,25.0,,25.0,,0.0,,0.0,0.0,24.0,0.0,0.0,0.0,0.0,50.0,0.0,25.0,0.0,0.0,0.0,0.0,0.0,0.0,0.0,,,,,
775,,0.0,0.0,0.0,0.0,0.0,0.0,0.0,0.0,0.0,168.0,216.0,264.0,144.0,312.0,288.0,264.0,264.0,144.0,240.0,72.0,312.0,312.0,216.0,216.0,0.0,144.0,0.0,120.0,0.0,216.0,120.0,0.0,48.0,144.0,240.0,192.0,,144.0,0.0,48.0,168.0,0.0,0.0,120.0,72.0,96.0,72.0,192.0,96.0,72.0,24.0,96.0,144.0,120.0,,,,,
776,0.0,0.0,0.0,0.0,0.0,0.0,0.0,0.0,0.0,0.0,0.0,26.0,260.0,26.0,175.0,375.0,350.0,450.0,475.0,25.0,0.0,575.0,275.0,450.0,400.0,0.0,525.0,325.0,75.0,50.0,175.0,550.0,725.0,150.0,125.0,75.0,25.0,25.0,100.0,275.0,0.0,300.0,175.0,100.0,325.0,225.0,525.0,375.0,625.0,125.0,150.0,225.0,600.0,650.0,750.0,250.0,,,,
778,0.0,0.0,0.0,0.0,0.0,0.0,0.0,0.0,,0.0,,24.0,24.0,,0.0,0.0,,24.0,24.0,,24.0,0.0,,0.0,24.0,,0.0,0.0,,24.0,0.0,0.0,24.0,0.0,0.0,0.0,,0.0,,0.0,0.0,0.0,24.0,0.0,0.0,0.0,0.0,0.0,0.0,24.0,0.0,0.0,24.0,0.0,0.0,,,,,
780,0.0,0.0,,0.0,,,,0.0,0.0,,24.5,,,,24.5,,24.5,,0.0,,,0.0,,0.0,0.0,,,24.5,24.5,,,,24.5,,0.0,,,0.0,,0.0,,24.5,,0.0,24.5,0.0,24.5,0.0,24.5,0.0,24.5,,0.0,0.0,24.5,,,,,
781,0.0,,,0.0,0.0,0.0,0.0,,0.0,,0.0,,0.0,,24.0,,0.0,,24.0,,24.0,,24.0,,24.0,,24.0,,48.0,,,48.0,,24.0,24.0,48.0,,48.0,,48.0,,24.0,24.0,0.0,48.0,0.0,0.0,24.0,0.0,0.0,0.0,48.0,0.0,24.0,0.0,,,,,
782,,0.0,,,0.0,,0.0,,0.0,,,0.0,,,0.0,,,0.0,,,,0.0,,,,,,,,,0.0,,,,,,,,,0.0,,,0.0,,,,27.0,,0.0,0.0,0.0,0.0,0.0,27.0,0.0,,,,,
785,,,,,,,,,,,,,,,,,,,,,,,,,,,,,,,,,,,,,0.0,49.0,0.0,8.575,0.0,26.95,36.75,2.45,25.35,25.725,14.7,0.0,24.25,0.0,0.0,24.5,0.0,31.6,30.85,12.25,,,,
786,,,,,,,,,,,,,,,,,,,,,,,,,,,,,,,,,,,,,0.0,24.0,48.0,15.0,0.0,43.0,36.0,35.0,42.0,22.0,27.0,0.0,48.25,24.0,0.0,24.0,62.0,26.25,31.0,12.0,,,,
787,,,,,,,,,,0.0,,,,,,,,,,,,,,,,,0.0,0.0,,0.0,0.0,,,0.0,0.0,,,,,,,,,,,,,,,,,,,,9.8,,,,,
789,,,,,,,,,0.0,0.0,,,,0.0,,,,0.0,,,,,,,0.0,0.0,0.0,0.0,,0.0,0.0,0.0,0.0,0.0,0.0,0.0,0.0,0.0,0.0,0.0,0.0,,0.0,20.0,0.0,0.0,0.0,0.0,0.0,0.0,0.0,13.75,0.0,0.0,13.75,,,,,
792,,0.0,0.0,,,0.0,0.0,0.0,0.0,0.0,0.0,0.0,23.75,0.0,0.0,0.0,0.0,0.0,0.0,0.0,0.0,0.0,0.0,23.75,,,,,,,0.0,,0.0,0.0,0.0,0.0,0.0,0.0,0.0,0.0,0.0,,0.0,0.0,0.0,0.0,0.0,0.0,0.0,0.0,0.0,23.75,0.0,0.0,71.25,,,,,
793,,0.0,,,0.0,,,,,,,,,,,,,,,,,,,,,,,,,,0.0,,0.0,,,,0.0,,,,,0.0,0.0,,,,0.0,0.0,,,,0.0,0.0,0.0,0.0,,,,,
794,,,,,,,,0.0,0.0,0.0,0.0,0.0,23.75,0.0,0.0,0.0,,0.0,0.0,,0.0,0.0,0.0,,,0.0,0.0,,0.0,0.0,0.0,,0.0,0.0,0.0,0.0,0.0,0.0,0.0,0.0,0.0,0.0,0.0,0.0,0.0,0.0,0.0,0.0,0.0,0.0,0.0,0.0,0.0,0.0,0.0,,,,,
802,0.0,0.0,0.0,0.0,0.0,0.0,0.0,0.0,0.0,0.0,45.0,45.0,90.0,45.0,22.5,45.0,0.0,45.0,45.0,,45.0,0.0,45.0,45.0,45.0,,,,0.0,45.0,90.0,45.0,45.0,0.0,22.5,22.5,67.5,45.0,45.0,45.0,45.0,45.0,45.0,45.0,112.5,45.0,0.0,67.5,45.0,22.5,22.5,67.5,45.0,67.5,45.0,,,,,
803,0.0,0.0,0.0,0.0,0.0,0.0,0.0,0.0,0.0,0.0,22.5,45.0,45.0,45.0,0.0,22.5,22.5,22.5,22.5,45.0,45.0,22.5,22.5,,90.0,0.0,45.0,,22.5,22.5,67.5,45.0,45.0,0.0,22.5,0.0,45.0,45.0,45.0,22.5,45.0,45.0,45.0,45.0,45.0,22.5,22.5,45.0,0.0,22.5,45.0,45.0,22.5,22.5,0.0,,,,,
804,,0.0,0.0,0.0,0.0,0.0,0.0,0.0,0.0,0.0,46.55,23.275,46.55,46.55,46.55,46.55,46.55,23.275,46.55,46.55,23.275,46.55,46.55,23.275,46.55,0.0,46.55,23.275,69.82499999999999,46.55,23.275,69.82499999999999,46.55,23.275,23.275,69.82499999999999,46.55,46.55,46.55,69.82499999999999,23.275,23.275,23.275,46.55,46.55,46.55,46.55,46.55,23.275,46.55,69.82499999999999,23.275,0.0,69.82499999999999,23.275,46.55,,,,
805,0.0,0.0,0.0,0.0,0.0,0.0,0.0,0.0,0.0,0.0,0.0,0.0,128.0,0.0,0.0,0.0,320.0,0.0,0.0,0.0,0.0,0.0,0.0,0.0,192.0,0.0,0.0,0.0,0.0,0.0,0.0,0.0,0.0,0.0,0.0,0.0,96.0,0.0,0.0,0.0,0.0,0.0,0.0,0.0,0.0,0.0,0.0,0.0,0.0,0.0,0.0,0.0,0.0,0.0,0.0,,,,,
808,0.0,0.0,0.0,0.0,0.0,0.0,0.0,0.0,0.0,0.0,48.0,24.0,215.0,240.0,144.0,144.0,120.0,70.0,240.0,24.0,72.0,72.0,0.0,48.0,48.0,24.0,144.0,48.0,72.0,120.0,48.0,72.0,90.0,144.0,96.0,48.0,72.0,24.0,144.0,96.0,0.0,48.0,0.0,120.0,72.0,72.0,0.0,24.0,168.0,120.0,72.0,24.0,48.0,48.0,120.0,48.0,,,,
809,0.0,0.0,0.0,0.0,0.0,0.0,0.0,0.0,0.0,0.0,0.0,182.0,286.0,127.9,104.0,52.0,104.0,52.0,52.0,52.0,104.0,156.0,0.0,234.0,208.0,0.0,104.0,104.0,26.0,26.0,52.0,0.0,52.0,182.0,208.0,0.0,78.0,0.0,130.0,26.0,0.0,26.0,0.0,130.0,26.0,26.0,104.0,0.0,234.0,104.0,104.0,0.0,0.0,78.0,0.0,,,,,
811,,,,,0.0,,,,,,0.0,,,,,,,,,0.0,,,,,24.0,0.0,,0.0,,24.0,24.0,0.0,0.0,,,0.0,24.0,,,0.0,,0.0,,0.0,0.0,0.0,0.0,0.0,0.0,0.0,0.0,,0.0,0.0,0.0,,,,,
812,0.0,0.0,0.0,0.0,0.0,0.0,0.0,0.0,0.0,0.0,0.0,0.0,450.0,0.0,0.0,0.0,50.0,0.0,0.0,0.0,0.0,0.0,0.0,0.0,425.0,0.0,0.0,0.0,0.0,0.0,0.0,0.0,0.0,0.0,0.0,0.0,250.0,0.0,0.0,0.0,0.0,50.0,0.0,0.0,0.0,0.0,0.0,0.0,350.0,0.0,0.0,0.0,0.0,0.0,0.0,,,,,
813,0.0,0.0,0.0,,,0.0,0.0,,,,12.25,,,0.0,,,12.25,,12.25,,,,12.25,,10.0,0.0,,11.025,4.9,,,0.0,,,,0.0,0.0,0.0,0.0,0.0,0.0,0.0,17.15,0.0,0.0,0.0,0.0,0.0,0.0,0.0,8.575,,0.0,0.0,0.0,,,,,
814,0.0,0.0,0.0,0.0,0.0,0.0,0.0,0.0,0.0,0.0,130.0,78.0,234.0,26.0,52.0,0.0,26.0,52.0,78.0,0.0,0.0,104.0,26.0,26.0,26.0,0.0,0.0,104.0,52.0,26.0,0.0,0.0,0.0,26.0,52.0,26.0,104.0,0.0,26.0,0.0,0.0,26.0,0.0,0.0,0.0,0.0,0.0,0.0,78.0,0.0,0.0,0.0,52.0,104.0,78.0,52.0,,,,
815,0.0,,,,,0.0,,,,,10.0,,,0.0,,,10.0,,10.0,,,,10.0,,10.0,0.0,,11.25,17.5,,,0.0,,,,0.0,,0.0,0.0,0.0,0.0,0.0,6.25,0.0,0.0,0.0,0.0,0.0,0.0,,16.25,,0.0,0.0,0.0,,,,,
816,0.0,0.0,0.0,0.0,0.0,0.0,0.0,0.0,0.0,0.0,,,0.0,,,,0.0,,0.0,,,,25.0,,,25.0,,,0.0,,,0.0,,0.0,,,25.0,0.0,,0.0,25.0,0.0,0.0,0.0,,0.0,25.0,25.0,50.0,0.0,0.0,0.0,0.0,50.0,0.0,,,,,
817,,0.0,,0.0,,0.0,,,,,,,,,,0.0,,,,,,,0.0,,,,,,,,,,,,,,,,,0.0,,,,,,,,0.0,0.0,0.0,0.0,0.0,0.0,0.0,0.0,,,,,
819,0.0,0.0,0.0,0.0,0.0,0.0,0.0,0.0,0.0,0.0,286.0,440.0,440.0,154.0,440.0,264.0,572.0,484.0,352.0,352.0,418.0,462.0,264.0,616.0,440.0,308.0,418.0,418.0,374.0,330.0,462.0,638.0,924.0,396.0,462.0,836.0,858.0,550.0,572.0,660.0,704.0,836.0,396.0,440.0,330.0,550.0,550.0,484.0,792.0,507.0,574.0,161.0,368.0,506.0,437.0,368.0,,,,
820,0.0,0.0,0.0,0.0,0.0,0.0,0.0,0.0,0.0,0.0,176.0,176.0,198.0,88.0,220.0,132.0,352.0,176.0,198.0,132.0,352.0,198.0,132.0,418.0,308.0,220.0,286.0,308.0,264.0,220.0,330.0,506.0,660.0,308.0,308.0,682.0,616.0,418.0,528.0,528.0,572.0,682.0,440.0,352.0,374.0,462.0,528.0,308.0,638.0,418.0,506.0,220.0,352.0,484.0,528.0,330.0,,,,
821,0.0,0.0,0.0,0.0,0.0,0.0,0.0,0.0,0.0,0.0,0.0,0.0,75.0,50.0,25.0,50.0,50.0,25.0,50.0,25.0,0.0,0.0,25.0,0.0,150.0,0.0,25.0,50.0,75.0,75.0,50.0,75.0,0.0,0.0,125.0,500.0,25.0,100.0,50.0,100.0,75.0,150.0,175.0,100.0,300.0,150.0,125.0,50.0,0.0,0.0,125.0,75.0,100.0,0.0,100.0,,,,,
824,,,,,,,,,,,,,,,,0.0,0.0,0.0,0.0,0.0,468.0,416.0,0.0,0.0,52.0,0.0,0.0,0.0,78.0,0.0,0.0,0.0,1066.0,26.0,910.0,0.0,0.0,0.0,0.0,936.0,884.0,1092.0,1092.0,1092.0,1092.0,988.0,676.0,910.0,884.0,0.0,0.0,0.0,988.0,1040.0,988.0,,,,,
828,,,,,,,,,,,,,,,,,,,,,,,,,,,,,,,,,,,,,,,,,0.0,0.0,0.0,0.0,0.0,0.0,0.0,0.0,0.0,0.0,0.0,0.0,0.0,50.0,75.0,50.0,75.0,50.0,75.0,50.0
830,,,,,,,,,,,,,,,,,,,,,,,,,,,,,,,,,,,,,,,,0.0,0.0,0.0,0.0,0.0,0.0,0.0,0.0,0.0,0.0,0.0,0.0,0.0,0.0,0.0,0.0,,,,,
832,0.0,0.0,0.0,0.0,0.0,0.0,0.0,0.0,0.0,0.0,0.0,48.0,72.0,48.0,,,,,,24.0,24.0,96.0,48.0,24.0,48.0,48.0,48.0,24.0,96.0,72.0,72.0,24.0,24.0,24.0,96.0,,72.0,24.0,47.0,72.0,48.0,0.0,0.0,48.0,120.0,72.0,0.0,0.0,48.0,24.0,24.0,48.0,48.0,96.0,72.0,96.0,72.0,,,
833,0.0,0.0,0.0,0.0,0.0,0.0,0.0,0.0,0.0,0.0,23.0,,115.0,92.0,23.0,23.0,46.0,69.0,23.0,92.0,46.0,69.0,46.0,46.0,92.0,46.0,69.0,46.0,138.0,115.0,46.0,92.0,92.0,69.0,69.0,138.0,138.0,69.0,92.0,69.0,46.0,92.0,23.0,161.0,46.0,115.0,46.0,46.0,69.0,92.0,115.0,138.0,138.0,115.0,23.0,,,,,
834,,,,,,,,,,,,,24.0,,,,,,,0.0,,24.0,0.0,,24.0,,,0.0,,,24.0,,,,24.0,,,,24.0,0.0,,,,24.0,0.0,,,,0.0,0.0,0.0,0.0,0.0,0.0,0.0,,,,,
838,,,,,,,,,,,,,,,,,,,,,,,,,22.5,,,,22.5,,,,,,0.0,,,,,,0.0,,,,,,,,,,,,22.5,,0.0,,,,,
839,,,,0.0,,,,,,0.0,,,,,,18.75,,,,,,18.75,,,,,,18.75,,,,,,18.75,,,,,18.75,0.0,0.0,0.0,0.0,0.0,0.0,,,,0.0,0.0,0.0,0.0,0.0,0.0,0.0,,,,,
841,0.0,0.0,0.0,0.0,0.0,0.0,0.0,0.0,0.0,0.0,0.0,0.0,25.0,0.0,0.0,0.0,0.0,0.0,0.0,0.0,0.0,0.0,0.0,0.0,0.0,0.0,0.0,,0.0,0.0,0.0,0.0,0.0,0.0,0.0,0.0,0.0,0.0,0.0,0.0,0.0,0.0,0.0,0.0,0.0,0.0,0.0,25.0,50.0,25.0,25.0,0.0,25.0,25.0,50.0,,,,,
843,,,,,,,,,,,,,,,,,,,,,,0.0,,,0.0,0.0,0.0,0.0,0.0,0.0,26.0,,,,,0.0,0.0,0.0,25.0,0.0,0.0,0.0,25.0,0.0,0.0,0.0,25.0,0.0,26.0,0.0,52.0,0.0,0.0,0.0,26.0,,,,,
845,0.0,,0.0,,,0.0,0.0,0.0,0.0,,0.0,,9.8,0.0,0.0,,0.0,,,,,9.8,,9.8,,,9.8,,0.0,,,9.8,,,,9.8,,,0.0,0.0,0.0,0.0,0.0,0.0,0.0,0.0,0.0,10.8,0.0,0.0,0.0,0.0,0.0,0.0,0.0,,,,,
846,0.0,0.0,0.0,0.0,0.0,0.0,0.0,0.0,0.0,0.0,12.5,0.0,30.0,0.0,0.0,7.5,0.0,0.0,0.0,2.5,0.0,,12.5,27.5,18.75,0.0,12.5,0.0,7.5,5.0,10.0,12.5,30.0,0.0,0.0,15.0,,,,3.75,0.0,0.0,0.0,15.0,0.0,0.0,0.0,0.0,23.75,0.0,10.0,0.0,0.0,0.0,0.0,,,,,
847,,0.0,0.0,0.0,0.0,,,,0.0,,,0.0,,,0.0,18.0,18.0,0.0,0.0,0.0,0.0,0.0,,0.0,0.0,0.0,0.0,0.0,0.0,0.0,0.0,,0.0,0.0,0.0,0.0,0.0,0.0,0.0,0.0,0.0,0.0,0.0,0.0,0.0,0.0,0.0,19.2,0.0,57.6,0.0,19.2,19.2,57.6,0.0,,,,,
851,0.0,,,,,0.0,,,0.0,0.0,21.25,,0.0,,0.0,,,,0.0,,,,21.25,,,0.0,,,0.0,,,0.0,,,0.0,,,,,21.25,0.0,,,0.0,0.0,,,0.0,0.0,0.0,23.75,0.0,0.0,0.0,0.0,,,,,
852,0.0,0.0,0.0,0.0,,,0.0,0.0,0.0,0.0,0.0,24.0,48.0,36.0,,,,,12.0,60.0,12.0,72.0,60.0,12.0,60.0,36.0,48.0,12.0,12.0,,,12.0,24.0,36.0,36.0,12.0,36.0,36.0,48.0,12.0,0.0,0.0,0.0,36.0,24.0,36.0,48.0,36.0,60.0,36.0,36.0,12.0,0.0,0.0,0.0,12.0,,,,
854,0.0,0.0,0.0,0.0,0.0,0.0,0.0,0.0,0.0,0.0,0.0,0.0,25.5,0.0,0.0,0.0,0.0,0.0,0.0,0.0,0.0,0.0,0.0,0.0,0.0,0.0,25.0,0.0,0.0,0.0,0.0,25.0,0.0,0.0,0.0,0.0,0.0,0.0,0.0,0.0,0.0,0.0,0.0,25.5,0.0,0.0,0.0,0.0,25.0,0.0,0.0,0.0,0.0,25.0,0.0,,,,,
855,,0.0,,,,0.0,0.0,,,,0.0,,,0.0,,0.0,,,0.0,,0.0,,0.0,0.0,,,0.0,,,,0.0,,0.0,0.0,,0.0,,,,0.0,0.0,0.0,0.0,0.0,0.0,0.0,0.0,0.0,0.0,0.0,0.0,0.0,0.0,0.0,0.0,,,,,
856,0.0,0.0,0.0,0.0,0.0,0.0,0.0,0.0,0.0,0.0,0.0,0.0,125.0,0.0,0.0,0.0,0.0,0.0,0.0,0.0,0.0,125.0,25.0,0.0,75.0,0.0,0.0,0.0,0.0,25.0,0.0,0.0,0.0,0.0,0.0,0.0,100.0,0.0,0.0,0.0,0.0,0.0,0.0,75.0,100.0,100.0,100.0,50.0,100.0,0.0,0.0,0.0,100.0,50.0,0.0,,,,,
857,0.0,0.0,0.0,0.0,,0.0,0.0,0.0,0.0,0.0,0.0,0.0,0.0,100.0,0.0,25.0,,0.0,0.0,,0.0,0.0,0.0,0.0,0.0,0.0,,0.0,,75.0,,0.0,0.0,,0.0,0.0,75.0,0.0,0.0,0.0,0.0,0.0,175.0,150.0,0.0,0.0,0.0,0.0,0.0,0.0,0.0,0.0,0.0,0.0,0.0,,,,,
858,0.0,0.0,0.0,0.0,0.0,0.0,0.0,0.0,0.0,0.0,0.0,0.0,0.0,0.0,0.0,0.0,0.0,0.0,0.0,0.0,,0.0,0.0,0.0,0.0,0.0,0.0,0.0,0.0,0.0,0.0,0.0,0.0,0.0,0.0,0.0,0.0,0.0,0.0,0.0,0.0,0.0,0.0,0.0,0.0,0.0,0.0,0.0,19.0,0.0,0.0,0.0,0.0,0.0,0.0,,,,,
860,0.0,,,,,,,,0.0,,0.0,,0.0,,,,0.0,,,,0.0,,,,,0.0,,0.0,,,,0.0,,,,0.0,24.5,,,24.5,,0.0,,0.0,,0.0,,,24.5,23.275,0.0,0.0,22.05,24.5,0.0,,,,,
861,0.0,0.0,0.0,0.0,0.0,0.0,0.0,0.0,0.0,0.0,26.0,1026.0,513.0,0.0,0.0,513.0,0.0,0.0,0.0,0.0,0.0,0.0,0.0,0.0,972.0,0.0,0.0,0.0,0.0,0.0,0.0,0.0,0.0,0.0,0.0,0.0,0.0,0.0,54.0,0.0,0.0,0.0,27.0,0.0,216.0,0.0,0.0,0.0,270.0,0.0,0.0,0.0,0.0,0.0,54.0,,,,,
862,,,,,,,0.0,0.0,0.0,0.0,0.0,325.0,,,,,,,,,,,,0.0,502.0,0.0,0.0,0.0,0.0,0.0,0.0,0.0,0.0,0.0,0.0,0.0,0.0,0.0,50.0,0.0,0.0,0.0,75.0,0.0,1000.0,0.0,0.0,0.0,150.0,0.0,0.0,0.0,0.0,0.0,0.0,,,,,
863,0.0,0.0,0.0,0.0,0.0,0.0,,0.0,,0.0,0.0,0.0,,4.0,4.0,0.0,4.0,4.0,4.0,4.0,8.0,4.0,12.0,4.0,8.0,5.0,4.0,8.0,4.0,,,4.0,4.0,4.0,4.0,4.0,4.0,4.0,4.0,8.0,4.0,4.0,0.0,4.0,4.0,12.0,0.0,4.0,4.0,4.0,4.0,0.0,0.0,4.0,0.0,4.0,4.0,,,
864,,0.0,0.0,0.0,,,0.0,0.0,,,,,,0.0,,,,,,0.0,,,,,,0.0,,,,,,,,,,,,,7.0,0.0,0.0,0.0,0.0,0.0,0.0,0.0,4.0,0.0,0.0,0.0,0.0,0.0,0.0,0.0,0.0,,,,,
865,,,,0.0,,0.0,0.0,0.0,,0.0,,0.0,0.0,0.0,,0.0,,0.0,,0.0,,,0.0,0.0,,,25.0,0.0,,0.0,,24.0,0.0,0.0,,0.0,,,0.0,0.0,0.0,0.0,0.0,0.0,0.0,0.0,0.0,0.0,0.0,0.0,25.0,0.0,0.0,0.0,0.0,,,,,
867,0.0,0.0,0.0,0.0,0.0,0.0,0.0,0.0,0.0,0.0,0.0,0.0,90.0,30.0,30.0,60.0,30.0,0.0,30.0,30.0,30.0,0.0,30.0,30.0,60.0,30.0,60.0,30.0,30.0,30.0,0.0,0.0,30.0,30.0,0.0,30.0,30.0,0.0,30.0,30.0,30.0,30.0,30.0,30.0,30.0,0.0,30.0,30.0,60.0,30.0,30.0,0.0,90.0,60.0,0.0,90.0,90.0,30.0,,
872,0.0,0.0,0.0,0.0,0.0,0.0,0.0,0.0,0.0,0.0,30.0,0.0,60.0,0.0,0.0,60.0,30.0,30.0,0.0,0.0,30.0,30.0,0.0,30.0,60.0,0.0,0.0,,,0.0,0.0,0.0,0.0,30.0,0.0,,0.0,0.0,0.0,0.0,0.0,30.0,0.0,0.0,0.0,0.0,0.0,0.0,0.0,0.0,0.0,0.0,90.0,90.0,60.0,90.0,120.0,,,
873,0.0,0.0,0.0,,,0.0,0.0,,0.0,,,0.0,,0.0,,0.0,,0.0,0.0,,0.0,10.0,0.0,,,0.0,0.0,,10.0,,,,0.0,,,10.0,,,0.0,0.0,0.0,0.0,0.0,0.0,0.0,0.0,0.0,0.0,0.0,0.0,0.0,0.0,0.0,10.0,0.0,10.0,,,,
875,0.0,0.0,0.0,0.0,,0.0,0.0,0.0,0.0,,,0.0,23.0,,24.0,0.0,0.0,0.0,0.0,0.0,0.0,0.0,0.0,,48.0,0.0,,0.0,,,,,0.0,,0.0,,24.0,0.0,0.0,0.0,0.0,0.0,0.0,0.0,0.0,24.0,0.0,0.0,0.0,48.0,24.0,24.0,0.0,24.0,0.0,,,,,
876,,0.0,0.0,0.0,0.0,0.0,0.0,0.0,0.0,0.0,0.0,0.0,52.0,0.0,0.0,0.0,0.0,0.0,0.0,0.0,0.0,0.0,0.0,0.0,26.0,0.0,0.0,0.0,0.0,,0.0,0.0,0.0,0.0,0.0,0.0,26.0,0.0,0.0,0.0,0.0,0.0,0.0,0.0,0.0,0.0,0.0,0.0,0.0,0.0,0.0,0.0,0.0,0.0,0.0,,,,,
879,,0.0,0.0,0.0,0.0,0.0,0.0,0.0,0.0,0.0,0.0,0.0,150.0,0.0,0.0,0.0,0.0,0.0,0.0,0.0,0.0,0.0,0.0,0.0,25.0,0.0,0.0,0.0,0.0,0.0,0.0,0.0,0.0,0.0,0.0,0.0,25.0,0.0,0.0,0.0,0.0,0.0,0.0,0.0,0.0,0.0,0.0,0.0,0.0,0.0,0.0,0.0,0.0,0.0,25.0,,,,,
880,0.0,0.0,0.0,0.0,0.0,0.0,0.0,0.0,0.0,0.0,0.0,0.0,23.0,0.0,23.0,0.0,0.0,0.0,0.0,0.0,,25.0,,25.0,0.0,0.0,0.0,25.0,,,,0.0,0.0,,25.0,0.0,,,0.0,25.0,0.0,25.0,0.0,0.0,0.0,0.0,25.0,0.0,0.0,0.0,0.0,0.0,0.0,0.0,25.0,,,,,
881,,0.0,0.0,0.0,0.0,0.0,0.0,0.0,,,,0.0,,0.0,0.0,0.0,,0.0,10.0,,0.0,,0.0,,10.0,,0.0,,,,0.0,,,,,,,,0.0,0.0,0.0,0.0,0.0,0.0,0.0,10.0,0.0,0.0,10.0,2.5,0.0,0.0,0.0,0.0,10.0,,,,,
882,,0.0,0.0,0.0,0.0,0.0,,0.0,0.0,,0.0,12.0,12.0,0.0,0.0,5.0,0.0,0.0,7.0,0.0,0.0,24.0,0.0,0.0,7.0,0.0,0.0,,12.0,,0.0,0.0,0.0,12.0,12.0,24.0,,12.0,0.0,0.0,0.0,7.0,12.0,12.0,0.0,7.0,12.0,0.0,7.0,19.0,0.0,12.0,24.0,12.0,19.0,,,,,
883,,,,,0.0,,,,,,,,,,0.0,,,,,,,,,,0.0,,,,,,,,,,,,,0.0,,,,,,,,,,,0.0,0.0,0.0,0.0,0.0,0.0,0.0,,,,,
886,,,,,,,,,,,,,,,,,,,,,,,,,,,,,,,,,,,,,,,,,,,,,,,,0.0,0.0,0.0,0.0,0.0,0.0,0.0,0.0,,,,,
891,,0.0,0.0,,,0.0,0.0,0.0,,,,,,,,,,,,,,,,,,,,,,,,,,0.0,,,,,,,,,,,,,,,,,,,0.0,,0.0,,,,,
893,0.0,0.0,0.0,0.0,0.0,0.0,0.0,0.0,0.0,0.0,0.0,0.0,255.0,0.0,0.0,0.0,0.0,0.0,0.0,0.0,0.0,0.0,0.0,0.0,110.0,0.0,0.0,0.0,0.0,0.0,0.0,0.0,0.0,0.0,0.0,0.0,0.0,0.0,0.0,0.0,0.0,0.0,0.0,0.0,0.0,0.0,0.0,0.0,402.0,0.0,52.0,0.0,0.0,0.0,0.0,,,,,
894,0.0,,0.0,0.0,,0.0,0.0,0.0,0.0,0.0,0.0,0.0,0.0,0.0,0.0,0.0,0.0,0.0,0.0,0.0,0.0,0.0,0.0,,0.0,0.0,0.0,0.0,0.0,0.0,0.0,0.0,0.0,0.0,0.0,0.0,0.0,0.0,0.0,0.0,0.0,0.0,0.0,0.0,0.0,0.0,0.0,0.0,0.0,,0.0,0.0,0.0,0.0,0.0,,,,,
897,0.0,0.0,0.0,0.0,0.0,0.0,0.0,0.0,0.0,0.0,0.0,0.0,0.0,0.0,0.0,0.0,0.0,0.0,0.0,0.0,0.0,0.0,0.0,0.0,0.0,0.0,0.0,0.0,0.0,0.0,0.0,0.0,0.0,0.0,0.0,0.0,0.0,0.0,0.0,0.0,0.0,0.0,0.0,0.0,0.0,0.0,0.0,0.0,0.0,0.0,0.0,0.0,0.0,0.0,0.0,,,,,
899,0.0,0.0,,0.0,0.0,,,,0.0,0.0,0.0,0.0,,0.0,0.0,0.0,0.0,0.0,0.0,0.0,,,0.0,,,,,,,,,,,,,,0.0,0.0,,0.0,0.0,0.0,0.0,0.0,0.0,0.0,0.0,0.0,0.0,0.0,0.0,0.0,0.0,0.0,0.0,,,,,
900,0.0,0.0,0.0,0.0,0.0,0.0,0.0,0.0,0.0,0.0,25.0,25.0,25.0,50.0,25.0,25.0,50.0,25.0,25.0,50.0,25.0,25.0,0.0,25.0,25.0,0.0,0.0,50.0,,25.0,25.0,0.0,25.0,25.0,25.0,25.0,50.0,25.0,25.0,25.0,50.0,25.0,25.0,0.0,25.0,50.0,0.0,50.0,0.0,50.0,0.0,25.0,25.0,25.0,25.0,,,,,
901,0.0,0.0,0.0,0.0,0.0,0.0,0.0,0.0,0.0,0.0,0.0,0.0,208.0,0.0,0.0,0.0,0.0,0.0,0.0,0.0,0.0,0.0,0.0,0.0,0.0,0.0,0.0,0.0,0.0,0.0,0.0,0.0,0.0,0.0,0.0,0.0,90.0,0.0,0.0,0.0,0.0,0.0,0.0,0.0,120.0,0.0,0.0,0.0,60.0,0.0,0.0,0.0,75.0,0.0,0.0,,,,,
902,0.0,0.0,0.0,0.0,0.0,0.0,0.0,0.0,0.0,0.0,0.0,0.0,156.0,0.0,0.0,,,,,,,,0.0,0.0,0.0,0.0,0.0,0.0,0.0,0.0,0.0,,0.0,0.0,0.0,0.0,494.0,0.0,0.0,0.0,0.0,0.0,0.0,0.0,0.0,,,,0.0,0.0,0.0,0.0,0.0,0.0,0.0,,,,,
905,0.0,0.0,,,0.0,0.0,,,,,,,0.0,0.0,200.0,0.0,0.0,0.0,0.0,0.0,0.0,0.0,0.0,,0.0,,0.0,50.0,0.0,0.0,50.0,0.0,50.0,,,0.0,0.0,,0.0,0.0,0.0,0.0,0.0,0.0,0.0,0.0,75.0,75.0,0.0,0.0,75.0,0.0,0.0,0.0,0.0,,,,,
906,,,,,,,,,,,,,,0.0,0.0,,0.0,,0.0,,0.0,0.0,0.0,0.0,,,0.0,,0.0,0.0,,0.0,,0.0,0.0,0.0,0.0,,0.0,0.0,0.0,0.0,0.0,0.0,0.0,0.0,0.0,0.0,0.0,0.0,0.0,0.0,0.0,0.0,20.0,,,,,
909,,0.0,,0.0,,0.0,,,0.0,,0.0,,,0.0,,0.0,,0.0,,,,0.0,,,0.0,,,,,0.0,,,,,0.0,,,,,0.0,0.0,0.0,0.0,0.0,0.0,0.0,0.0,0.0,0.0,,,,0.0,0.0,0.0,,,,,
918,0.0,0.0,0.0,0.0,0.0,0.0,0.0,0.0,0.0,0.0,0.0,0.0,24.0,0.0,0.0,0.0,0.0,0.0,0.0,0.0,0.0,0.0,0.0,0.0,0.0,0.0,0.0,0.0,0.0,24.0,0.0,0.0,0.0,0.0,0.0,0.0,0.0,0.0,0.0,0.0,0.0,0.0,0.0,0.0,0.0,0.0,0.0,0.0,0.0,0.0,24.0,0.0,0.0,0.0,0.0,,,,,
930,0.0,0.0,0.0,0.0,0.0,0.0,0.0,0.0,0.0,0.0,0.0,81.0,135.0,216.0,416.0,0.0,52.0,0.0,135.0,81.0,54.0,27.0,78.0,52.0,26.0,0.0,234.0,390.0,0.0,494.0,0.0,0.0,0.0,312.0,182.0,182.0,130.0,0.0,0.0,0.0,0.0,0.0,0.0,26.0,0.0,0.0,0.0,0.0,182.0,0.0,208.0,0.0,0.0,182.0,0.0,,,,,
932,0.0,0.0,0.0,0.0,0.0,0.0,0.0,0.0,0.0,0.0,0.0,0.0,180.0,60.0,0.0,0.0,0.0,0.0,0.0,0.0,0.0,0.0,0.0,420.0,180.0,0.0,0.0,,,0.0,0.0,0.0,0.0,0.0,0.0,0.0,0.0,0.0,0.0,0.0,0.0,0.0,0.0,0.0,0.0,0.0,0.0,0.0,360.0,0.0,0.0,0.0,0.0,0.0,0.0,,,,,
942,0.0,0.0,,,,,,0.0,,,,,,,0.0,20.0,,40.0,,,,,,0.0,,,,0.0,,24.0,,,,,0.0,,24.0,,0.0,0.0,0.0,0.0,0.0,24.0,0.0,,0.0,,0.0,24.0,0.0,0.0,0.0,24.0,0.0,,,,,
943,0.0,0.0,0.0,0.0,0.0,0.0,0.0,0.0,0.0,0.0,0.0,26.0,33.0,104.0,78.0,104.0,90.0,0.0,104.0,130.0,78.0,78.0,104.0,104.0,126.0,12.0,109.0,0.0,26.0,104.0,78.0,52.0,26.0,0.0,52.0,82.0,94.0,78.0,78.0,0.0,0.0,24.0,0.0,0.0,0.0,0.0,0.0,0.0,12.0,12.0,0.0,0.0,0.0,0.0,0.0,,,,,
945,0.0,,0.0,0.0,0.0,,0.0,0.0,,0.0,,,24.5,,0.0,0.0,0.0,,0.0,,0.0,,0.0,,0.0,0.0,0.0,,0.0,0.0,,0.0,,0.0,,,,,,0.0,0.0,0.0,0.0,0.0,0.0,0.0,0.0,0.0,0.0,0.0,0.0,0.0,0.0,0.0,0.0,,,,,
954,0.0,0.0,,,0.0,0.0,0.0,0.0,0.0,,0.0,0.0,0.0,0.0,0.0,0.0,0.0,,0.0,,,0.0,,,0.0,0.0,0.0,,,0.0,,,,,0.0,,0.0,0.0,,0.0,0.0,0.0,0.0,0.0,0.0,0.0,0.0,0.0,0.0,0.0,0.0,0.0,0.0,0.0,0.0,,,,,
956,0.0,0.0,0.0,,0.0,0.0,0.0,0.0,,0.0,24.5,24.5,24.5,24.5,0.0,24.5,24.5,24.5,24.5,24.5,24.5,49.0,,24.5,,24.5,,,,,,,,,,,,,,0.0,0.0,,,,0.0,,0.0,0.0,0.0,0.0,0.0,0.0,0.0,0.0,0.0,,,,,
958,0.0,0.0,0.0,0.0,0.0,0.0,0.0,0.0,0.0,0.0,436.0,270.0,459.0,351.0,243.0,297.0,270.0,324.0,108.0,108.0,0.0,0.0,0.0,0.0,108.0,0.0,0.0,0.0,0.0,0.0,0.0,0.0,0.0,0.0,0.0,0.0,0.0,0.0,0.0,0.0,0.0,0.0,0.0,0.0,0.0,0.0,0.0,0.0,78.0,0.0,0.0,0.0,0.0,130.0,0.0,,,,,
960,0.0,0.0,0.0,0.0,0.0,0.0,0.0,0.0,0.0,0.0,775.0,450.0,825.0,575.0,475.0,350.0,450.0,375.0,100.0,50.0,0.0,0.0,0.0,0.0,150.0,0.0,0.0,0.0,0.0,0.0,0.0,0.0,0.0,0.0,0.0,0.0,0.0,0.0,0.0,0.0,0.0,0.0,0.0,0.0,0.0,0.0,0.0,0.0,25.0,0.0,0.0,0.0,0.0,0.0,0.0,,,,,
961,0.0,0.0,0.0,0.0,0.0,0.0,0.0,0.0,0.0,0.0,0.0,0.0,1217.0,0.0,296.0,0.0,0.0,0.0,0.0,0.0,0.0,0.0,0.0,140.0,812.0,0.0,0.0,0.0,0.0,0.0,0.0,0.0,0.0,0.0,0.0,0.0,0.0,0.0,0.0,0.0,0.0,0.0,140.0,0.0,0.0,0.0,0.0,0.0,0.0,0.0,0.0,0.0,0.0,0.0,0.0,,,,,
963,0.0,0.0,0.0,0.0,0.0,0.0,0.0,0.0,0.0,0.0,0.0,0.0,0.0,0.0,0.0,0.0,0.0,0.0,0.0,0.0,0.0,0.0,0.0,0.0,504.0,0.0,0.0,308.0,0.0,0.0,0.0,0.0,0.0,0.0,0.0,0.0,0.0,0.0,0.0,0.0,0.0,0.0,0.0,0.0,0.0,0.0,0.0,0.0,0.0,0.0,0.0,0.0,0.0,0.0,0.0,,,,,
965,,,0.0,,,,,0.0,,0.0,,,,,,,,,0.0,,,,,,0.0,,,,0.0,,,,,,,,,,,0.0,0.0,,,0.0,,,0.0,,0.0,0.0,0.0,0.0,0.0,0.0,0.0,,,,,
967,,,0.0,,,0.0,,0.0,,0.0,0.0,,,,,0.0,,,,0.0,,,,,,,,,,,,,,,,,,,,,,,,,,,,,0.0,0.0,0.0,0.0,0.0,0.0,0.0,,,,,
971,,0.0,0.0,0.0,0.0,0.0,0.0,,0.0,0.0,0.0,0.0,0.0,0.0,0.0,,23.275,0.0,0.0,0.0,0.0,0.0,0.0,,0.0,0.0,0.0,,0.0,23.275,0.0,,,0.0,0.0,,0.0,,23.275,0.0,0.0,0.0,0.0,0.0,0.0,0.0,0.0,0.0,0.0,0.0,23.275,23.275,0.0,0.0,23.275,,,,,
972,0.0,0.0,0.0,0.0,,0.0,0.0,,0.0,0.0,0.0,0.0,0.0,0.0,,0.0,0.0,0.0,0.0,0.0,0.0,0.0,,0.0,0.0,,23.75,0.0,0.0,0.0,0.0,0.0,23.75,0.0,0.0,,0.0,0.0,23.75,0.0,0.0,23.75,0.0,0.0,0.0,0.0,23.75,0.0,0.0,0.0,0.0,0.0,0.0,0.0,23.75,,,,,
975,0.0,,0.0,,,0.0,,,,0.0,,,,,0.0,,0.0,,0.0,,0.0,,,,23.75,,0.0,,,,,0.0,,,,,23.75,,,23.75,0.0,,,23.75,,,,,23.75,0.0,0.0,0.0,0.0,0.0,0.0,,,,,
978,0.0,0.0,0.0,,0.0,0.0,0.0,0.0,,,20.0,0.0,20.0,40.0,40.0,20.0,0.0,40.0,,80.0,40.0,20.0,,20.0,,,,,,,,,,,,,,,,0.0,,,,40.0,40.0,,,,20.0,20.0,0.0,0.0,20.0,40.0,0.0,,,,,
981,0.0,,0.0,0.0,0.0,0.0,0.0,,,,15.0,120.0,100.0,140.0,,,,,,,,,,,,20.0,,,15.0,,,,,,40.0,80.0,60.0,,,0.0,,15.0,0.0,100.0,,,20.0,0.0,20.0,0.0,0.0,0.0,80.0,100.0,20.0,,,,,
983,0.0,,,0.0,0.0,0.0,0.0,,0.0,,0.0,,0.0,0.0,0.0,,0.0,,0.0,,,,0.0,,0.0,,,0.0,,,,,,,,,0.0,,,0.0,0.0,0.0,0.0,0.0,0.0,0.0,0.0,0.0,0.0,0.0,0.0,0.0,0.0,0.0,0.0,,,,,
984,0.0,0.0,,0.0,0.0,0.0,0.0,,0.0,,0.0,,0.0,0.0,0.0,,0.0,,0.0,,0.0,,0.0,,0.0,,,0.0,0.0,,,0.0,,,,,0.0,,,0.0,0.0,0.0,0.0,0.0,0.0,0.0,0.0,,0.0,0.0,0.0,0.0,0.0,0.0,0.0,,,,,
986,0.0,0.0,0.0,0.0,0.0,0.0,0.0,0.0,0.0,0.0,0.0,0.0,0.0,0.0,0.0,0.0,0.0,27.0,0.0,0.0,0.0,0.0,0.0,0.0,0.0,0.0,0.0,0.0,0.0,0.0,0.0,0.0,0.0,0.0,0.0,0.0,0.0,0.0,0.0,0.0,0.0,0.0,0.0,0.0,0.0,0.0,0.0,0.0,0.0,0.0,0.0,0.0,0.0,0.0,0.0,,,,,
988,,0.0,0.0,0.0,0.0,0.0,0.0,0.0,0.0,0.0,0.0,0.0,23.75,0.0,,0.0,23.75,23.75,0.0,23.75,47.5,0.0,23.75,0.0,0.0,,23.75,0.0,23.75,23.75,23.75,23.75,0.0,,23.75,23.75,23.75,,0.0,47.5,47.5,23.75,,0.0,23.75,0.0,23.75,23.75,23.75,23.75,23.75,23.75,23.75,47.5,0.0,,,,,
990,,,,,,,,,,,,,,,,,,0.0,,0.0,,,,,0.0,,,,0.0,,,,,,,,,,,,,,,0.0,,,0.0,0.0,,0.0,0.0,1.225,0.0,0.0,0.0,,,,,
991,0.0,0.0,0.0,0.0,0.0,0.0,0.0,,0.0,0.0,0.0,0.0,0.0,0.0,0.0,0.0,0.0,0.0,,0.0,20.0,0.0,0.0,0.0,0.0,0.0,0.0,0.0,0.0,,0.0,0.0,0.0,0.0,0.0,0.0,0.0,16.25,0.0,15.0,0.0,23.75,0.0,0.0,0.0,0.0,0.0,0.0,21.25,0.0,0.0,11.25,0.0,0.0,0.0,,,,,
992,0.0,,,0.0,,0.0,0.0,,,,0.0,,,,0.0,,,,,,,,,4.9,,0.0,0.0,,,,0.0,,,0.0,,0.0,,,0.0,0.0,0.0,0.0,7.35,0.0,0.0,0.0,,0.0,0.0,24.5,0.0,0.0,0.0,0.0,0.0,,,,,
993,0.0,,,0.0,0.0,0.0,0.0,0.0,,,0.0,23.75,0.0,,,0.0,,,0.0,0.0,,,,18.75,0.0,0.0,12.5,,0.0,,0.0,23.75,0.0,0.0,,0.0,0.0,0.0,0.0,0.0,0.0,0.0,16.25,0.0,0.0,0.0,0.0,0.0,0.0,0.0,0.0,23.75,23.75,23.75,0.0,,,,,
994,0.0,0.0,0.0,0.0,0.0,0.0,0.0,0.0,,,,,,,,,,,,,,,,,,,,,,,,,,,,,,,,0.0,0.0,0.0,0.0,0.0,0.0,0.0,,0.0,0.0,0.0,0.0,0.0,0.0,0.0,0.0,,,,,
995,,0.0,,0.0,,,0.0,,0.0,,,,,,,,0.0,,,,0.0,,,0.0,,,,,0.0,,,,0.0,,0.0,,,,,0.0,0.0,0.0,0.0,0.0,0.0,0.0,,0.0,0.0,0.0,0.0,0.0,0.0,0.0,0.0,,,,,
996,,0.0,,0.0,0.0,,0.0,,0.0,,,0.0,,,0.0,,0.0,,,,0.0,,0.0,0.0,,,23.75,,0.0,,,,0.0,,0.0,,,,,0.0,0.0,0.0,0.0,0.0,0.0,0.0,,0.0,0.0,0.0,0.0,0.0,23.75,23.75,0.0,,,,,
997,,,,0.0,,,,0.0,,,,,,,,0.0,,,0.0,,,,,0.0,,,,0.0,0.0,,,,0.0,,,,0.0,,,0.0,0.0,0.0,0.0,0.0,0.0,0.0,,0.0,,0.0,0.0,0.0,0.0,0.0,0.0,,,,,
998,,,,0.0,,,,0.0,,,,,0.0,,,0.0,0.0,,0.0,,,0.0,,0.0,,,,0.0,0.0,,,,0.0,,,,0.0,,,0.0,0.0,0.0,0.0,0.0,0.0,0.0,,0.0,0.0,0.0,0.0,0.0,0.0,0.0,0.0,,,,,
999,,,,,,,,,,,,,,,,,,,,,,,,,,,,,,,,,,,,,,,,0.0,,,23.75,23.75,,,0.0,0.0,,0.0,0.0,0.0,23.75,0.0,0.0,,,,,
1001,0.0,0.0,0.0,0.0,0.0,0.0,0.0,0.0,0.0,0.0,2676.0,0.0,2430.0,0.0,0.0,0.0,0.0,0.0,0.0,0.0,0.0,0.0,0.0,0.0,107.0,27.0,0.0,0.0,0.0,0.0,,,,0.0,0.0,0.0,0.0,0.0,0.0,0.0,0.0,0.0,0.0,0.0,0.0,0.0,0.0,0.0,0.0,0.0,0.0,0.0,0.0,0.0,0.0,,,,,
1002,0.0,0.0,0.0,0.0,0.0,0.0,0.0,0.0,0.0,0.0,0.0,0.0,1620.0,0.0,0.0,0.0,0.0,1944.0,0.0,0.0,0.0,0.0,0.0,0.0,0.0,0.0,0.0,,0.0,0.0,0.0,0.0,0.0,0.0,0.0,0.0,,,,,,,,,,,,,0.0,0.0,0.0,0.0,0.0,0.0,0.0,,,,,
1004,0.0,0.0,0.0,0.0,0.0,0.0,0.0,0.0,0.0,0.0,0.0,0.0,540.0,0.0,0.0,0.0,0.0,0.0,0.0,0.0,0.0,0.0,0.0,0.0,0.0,0.0,0.0,0.0,0.0,0.0,0.0,0.0,0.0,0.0,0.0,0.0,0.0,0.0,0.0,0.0,0.0,0.0,0.0,0.0,0.0,0.0,0.0,0.0,0.0,0.0,0.0,0.0,0.0,0.0,0.0,,,,,
1006,,,,,0.0,,,,0.0,,,,,,0.0,,,,23.75,,,23.75,,,,,,,0.0,,,,,,0.0,,,23.75,,0.0,0.0,0.0,0.0,23.75,0.0,0.0,0.0,0.0,0.0,0.0,0.0,0.0,0.0,0.0,0.0,,,,,
1007,,,,,,,,,,,,,,,,,,,,,,,,,20.0,0.0,0.0,0.0,0.0,,0.0,,0.0,0.0,0.0,,0.0,0.0,0.0,0.0,0.0,0.0,0.0,0.0,0.0,0.0,0.0,0.0,20.0,0.0,0.0,0.0,0.0,0.0,0.0,,,,,
1009,0.0,0.0,0.0,0.0,0.0,0.0,0.0,0.0,0.0,0.0,,,0.0,0.0,,25.0,0.0,,0.0,25.0,25.0,0.0,,,0.0,0.0,0.0,25.0,0.0,0.0,,0.0,,0.0,,,0.0,0.0,0.0,0.0,0.0,25.0,0.0,0.0,0.0,0.0,0.0,0.0,0.0,0.0,0.0,0.0,0.0,0.0,0.0,,,,,
1016,0.0,0.0,0.0,0.0,0.0,0.0,0.0,0.0,0.0,0.0,76.8,0.0,76.8,115.2,0.0,76.8,76.8,57.6,76.8,96.0,0.0,76.8,96.0,57.6,134.4,153.6,153.6,153.6,134.4,115.2,96.0,96.0,96.0,134.4,115.2,76.8,115.2,0.0,134.4,96.0,76.8,76.8,96.0,0.0,96.0,48.0,0.0,96.0,76.8,0.0,96.0,0.0,0.0,0.0,0.0,,,,,
1017,0.0,0.0,,0.0,0.0,0.0,0.0,0.0,0.0,0.0,0.0,0.0,159.04,0.0,0.0,0.0,0.0,0.0,0.0,0.0,0.0,0.0,0.0,0.0,54.0,0.0,0.0,0.0,0.0,0.0,0.0,0.0,0.0,0.0,0.0,0.0,0.0,0.0,0.0,0.0,0.0,0.0,0.0,0.0,0.0,0.0,0.0,0.0,162.0,0.0,0.0,0.0,0.0,0.0,0.0,,,,,
1019,,,,,,,,,,,,,162.0,0.0,0.0,0.0,0.0,0.0,0.0,0.0,0.0,0.0,0.0,0.0,81.0,0.0,0.0,0.0,0.0,0.0,0.0,0.0,0.0,0.0,0.0,0.0,0.0,0.0,0.0,0.0,0.0,0.0,0.0,0.0,0.0,0.0,0.0,0.0,135.0,0.0,0.0,0.0,0.0,0.0,0.0,,,,,
1024,0.0,0.0,0.0,0.0,0.0,0.0,0.0,0.0,0.0,0.0,19.2,19.2,57.6,19.2,38.4,19.2,38.4,57.6,38.4,19.2,57.6,38.4,19.2,19.2,57.6,19.2,19.2,38.4,38.4,19.2,57.6,19.2,38.4,19.2,0.0,19.2,56.8,19.2,38.4,19.2,38.4,57.6,19.2,19.2,37.6,19.2,19.2,38.4,19.2,19.2,38.4,19.2,38.4,19.2,0.0,19.2,,,,
1026,0.0,0.0,0.0,0.0,0.0,0.0,0.0,0.0,0.0,0.0,0.0,108.0,54.0,0.0,0.0,0.0,0.0,0.0,0.0,0.0,0.0,0.0,0.0,0.0,54.0,0.0,162.0,0.0,0.0,0.0,0.0,0.0,0.0,0.0,0.0,0.0,108.0,0.0,0.0,0.0,0.0,0.0,0.0,0.0,0.0,0.0,54.0,0.0,54.0,0.0,0.0,0.0,27.0,594.0,324.0,,,,,
1028,0.0,0.0,0.0,0.0,0.0,0.0,0.0,0.0,0.0,0.0,72.0,24.0,120.0,144.0,96.0,120.0,96.0,48.0,120.0,120.0,96.0,96.0,120.0,96.0,120.0,72.0,72.0,143.0,96.0,72.0,144.0,96.0,96.0,120.0,96.0,72.0,48.0,96.0,72.0,96.0,96.0,72.0,120.0,96.0,96.0,96.0,72.0,48.0,144.0,72.0,96.0,96.0,96.0,96.0,120.0,,,,,
1029,0.0,0.0,0.0,0.0,0.0,0.0,0.0,0.0,0.0,0.0,48.0,72.0,96.0,48.0,96.0,96.0,120.0,72.0,120.0,96.0,24.0,120.0,0.0,96.0,72.0,0.0,72.0,96.0,96.0,96.0,144.0,120.0,72.0,72.0,0.0,48.0,96.0,96.0,120.0,96.0,120.0,96.0,144.0,144.0,120.0,96.0,96.0,72.0,120.0,144.0,96.0,72.0,120.0,120.0,144.0,,,,,
1030,0.0,0.0,0.0,0.0,0.0,0.0,0.0,0.0,0.0,0.0,0.0,0.0,108.0,0.0,0.0,0.0,0.0,0.0,0.0,0.0,0.0,0.0,0.0,0.0,405.0,0.0,0.0,0.0,0.0,0.0,0.0,0.0,0.0,0.0,0.0,0.0,0.0,0.0,0.0,0.0,0.0,0.0,0.0,0.0,0.0,0.0,0.0,0.0,378.0,0.0,0.0,0.0,0.0,0.0,0.0,,,,,
1031,0.0,0.0,0.0,0.0,0.0,0.0,0.0,0.0,0.0,0.0,0.0,0.0,0.0,1600.0,2950.0,0.0,0.0,0.0,0.0,700.0,0.0,600.0,0.0,0.0,1800.0,1800.0,600.0,2300.0,0.0,0.0,2700.0,2100.0,1500.0,2000.0,0.0,1500.0,0.0,0.0,1500.0,950.0,1500.0,0.0,1500.0,0.0,0.0,0.0,0.0,2530.0,500.0,0.0,2000.0,1998.0,0.0,2000.0,0.0,,,,,
1039,0.0,0.0,0.0,0.0,,0.0,0.0,0.0,0.0,,0.0,0.0,23.75,0.0,0.0,23.75,0.0,,0.0,23.75,,0.0,0.0,0.0,0.0,0.0,0.0,23.75,0.0,0.0,23.75,0.0,0.0,23.75,0.0,0.0,23.75,,0.0,23.75,23.75,0.0,0.0,0.0,0.0,0.0,23.75,23.75,47.5,0.0,0.0,23.75,23.75,23.75,0.0,,,,,
1040,,,0.0,,0.0,0.0,0.0,,0.0,,0.0,,,23.75,0.0,,23.75,0.0,0.0,,0.0,,0.0,0.0,,0.0,0.0,0.0,,,23.75,,0.0,0.0,,0.0,,0.0,,0.0,0.0,0.0,23.75,0.0,0.0,0.0,23.75,0.0,0.0,0.0,0.0,0.0,0.0,0.0,0.0,,,,,
1042,0.0,,,,,,,0.0,,0.0,,,,4.0,,,,,,,,0.0,,,,0.0,,,,,,,0.0,,,,0.0,,,,,0.0,,,0.0,,,,0.0,0.0,0.0,0.0,0.0,0.0,0.0,,,,,
1043,0.0,0.0,0.0,0.0,0.0,0.0,,0.0,0.0,0.0,0.0,0.0,,20.0,0.0,0.0,0.0,0.0,0.0,0.0,0.0,0.0,,0.0,,0.0,,0.0,0.0,0.0,0.0,,23.75,0.0,0.0,0.0,0.0,23.75,23.75,23.75,23.75,0.0,0.0,0.0,0.0,23.75,23.75,23.75,23.75,23.75,0.0,23.75,0.0,23.75,23.75,,,,,
1046,0.0,,,0.0,,0.0,0.0,,,,0.0,,0.0,,0.0,0.0,0.0,,,0.0,0.0,,,0.0,23.75,,,23.75,,,0.0,0.0,0.0,,0.0,0.0,0.0,0.0,23.75,0.0,0.0,0.0,23.75,0.0,0.0,0.0,0.0,0.0,,0.0,23.75,23.75,0.0,0.0,23.75,,,,,
1049,,,,,,,,,,,,,,,,,,,,,,,,,0.0,0.0,0.0,0.0,0.0,0.0,,0.0,0.0,0.0,0.0,0.0,0.0,0.0,0.0,0.0,0.0,0.0,0.0,0.0,0.0,0.0,0.0,0.0,0.0,0.0,0.0,0.0,0.0,0.0,0.0,,,,,
1051,0.0,0.0,0.0,0.0,0.0,0.0,0.0,0.0,,0.0,0.0,27.0,27.0,27.0,27.0,27.0,27.0,27.0,54.0,,0.0,27.0,27.0,27.0,54.0,27.0,27.0,27.0,27.0,28.0,28.0,28.0,27.0,0.0,27.0,27.0,27.0,27.0,27.0,27.0,27.0,27.0,27.0,27.0,27.0,27.0,27.0,28.0,28.0,28.0,27.0,27.0,0.0,0.0,0.0,,,,,
1052,0.0,0.0,0.0,0.0,0.0,0.0,0.0,0.0,0.0,0.0,0.0,0.0,32.0,0.0,0.0,0.0,0.0,0.0,16.0,0.0,0.0,0.0,0.0,0.0,24.0,0.0,0.0,0.0,0.0,24.0,0.0,0.0,0.0,0.0,0.0,0.0,24.0,0.0,0.0,0.0,0.0,0.0,0.0,0.0,0.0,0.0,0.0,0.0,0.0,0.0,0.0,0.0,0.0,0.0,24.0,,,,,
1054,0.0,,0.0,,,0.0,,,0.0,,,,,,0.0,,0.0,,,,0.0,,,0.0,,,,,0.0,,,0.0,,,0.0,0.0,,,0.0,0.0,0.0,0.0,0.0,0.0,0.0,0.0,0.0,0.0,0.0,0.0,0.0,0.0,0.0,24.7,0.0,,,,,
1057,0.0,0.0,0.0,0.0,0.0,0.0,0.0,0.0,0.0,0.0,0.0,0.0,24.0,0.0,0.0,0.0,0.0,0.0,0.0,0.0,0.0,0.0,0.0,,0.0,0.0,0.0,0.0,0.0,0.0,0.0,,0.0,0.0,0.0,0.0,0.0,0.0,0.0,0.0,0.0,0.0,0.0,0.0,0.0,0.0,0.0,0.0,24.0,0.0,0.0,0.0,0.0,0.0,0.0,,,,,
1059,0.0,0.0,0.0,0.0,0.0,0.0,0.0,0.0,0.0,0.0,0.0,0.0,0.0,0.0,24.0,0.0,0.0,0.0,0.0,0.0,0.0,24.0,0.0,24.0,48.0,0.0,48.0,0.0,0.0,0.0,0.0,,24.0,0.0,0.0,0.0,24.0,48.0,24.0,24.0,48.0,0.0,24.0,0.0,0.0,0.0,48.0,0.0,48.0,24.0,0.0,96.0,0.0,0.0,24.0,,,,,
1060,0.0,0.0,0.0,0.0,0.0,0.0,0.0,0.0,0.0,0.0,0.0,0.0,0.0,0.0,0.0,0.0,0.0,0.0,0.0,0.0,0.0,0.0,0.0,0.0,0.0,0.0,0.0,0.0,0.0,0.0,0.0,0.0,0.0,0.0,0.0,0.0,0.0,0.0,0.0,0.0,0.0,0.0,0.0,0.0,0.0,0.0,0.0,0.0,0.0,0.0,0.0,0.0,0.0,0.0,0.0,,,,,
1062,0.0,0.0,0.0,0.0,0.0,0.0,0.0,0.0,0.0,0.0,0.0,0.0,27.0,0.0,0.0,0.0,0.0,0.0,0.0,0.0,0.0,0.0,0.0,0.0,54.0,0.0,0.0,0.0,0.0,0.0,0.0,0.0,0.0,0.0,0.0,0.0,0.0,0.0,0.0,0.0,0.0,0.0,0.0,0.0,0.0,0.0,0.0,0.0,54.0,0.0,0.0,0.0,0.0,0.0,0.0,,,,,
1064,0.0,,0.0,0.0,,,0.0,0.0,0.0,,,,,0.0,,0.0,,0.0,,0.0,0.0,,,0.0,0.0,0.0,,0.0,,0.0,,,0.0,,,,0.0,0.0,0.0,0.0,0.0,0.0,0.0,0.0,,,,0.0,47.5,0.0,0.0,0.0,0.0,0.0,23.75,,23.75,,,
1065,0.0,0.0,0.0,0.0,0.0,0.0,0.0,0.0,0.0,0.0,0.0,0.0,405.0,216.0,0.0,0.0,297.0,0.0,297.0,540.0,0.0,351.0,324.0,0.0,351.0,0.0,0.0,108.0,0.0,0.0,0.0,216.0,270.0,0.0,297.0,0.0,135.0,,,0.0,0.0,54.0,0.0,0.0,0.0,0.0,0.0,0.0,270.0,270.0,,0.0,324.0,243.0,324.0,,,,,
1066,0.0,,0.0,,0.0,,0.0,,0.0,,11.025,,8.575,,11.025,,0.0,,0.0,11.025,,0.0,0.0,0.0,,,11.025,0.0,,,0.0,,,0.0,0.0,0.0,0.0,0.0,0.0,0.0,11.025,0.0,0.0,0.0,0.0,11.025,0.0,0.0,0.0,0.0,11.025,0.0,0.0,0.0,0.0,,,,,
1070,,,,,,,,,,,,,,,,,,,,,,,0.0,0.0,0.0,0.0,0.0,0.0,0.0,0.0,0.0,0.0,0.0,0.0,0.0,0.0,0.0,0.0,0.0,0.0,0.0,0.0,0.0,0.0,0.0,0.0,0.0,0.0,75.0,0.0,0.0,0.0,0.0,0.0,0.0,,,,,
1073,0.0,0.0,0.0,0.0,0.0,0.0,0.0,0.0,0.0,0.0,24.0,0.0,24.0,0.0,0.0,96.0,24.0,,0.0,0.0,24.0,72.0,0.0,0.0,0.0,0.0,0.0,0.0,96.0,24.0,48.0,24.0,0.0,0.0,0.0,0.0,0.0,0.0,0.0,24.0,24.0,0.0,0.0,0.0,0.0,0.0,48.0,72.0,24.0,72.0,72.0,72.0,96.0,24.0,24.0,,,,,
1080,,,,,0.0,,,0.0,,0.0,,,24.0,,24.0,,48.0,,,,,24.0,,48.0,,,,,,24.0,0.0,24.0,24.0,,,,65.0,,,48.0,48.0,0.0,0.0,0.0,0.0,0.0,0.0,24.0,0.0,0.0,0.0,0.0,24.0,0.0,0.0,,,,,
1081,0.0,0.0,0.0,0.0,0.0,0.0,0.0,0.0,0.0,0.0,0.0,0.0,25.0,0.0,0.0,0.0,0.0,0.0,0.0,0.0,0.0,0.0,0.0,0.0,25.0,0.0,0.0,0.0,0.0,0.0,0.0,0.0,0.0,0.0,0.0,0.0,0.0,0.0,,0.0,0.0,0.0,0.0,0.0,0.0,0.0,0.0,0.0,0.0,0.0,0.0,0.0,0.0,0.0,0.0,,,,,
1082,0.0,0.0,0.0,0.0,0.0,0.0,0.0,0.0,0.0,0.0,0.0,0.0,0.0,0.0,0.0,0.0,0.0,0.0,0.0,0.0,0.0,0.0,0.0,0.0,0.0,0.0,0.0,0.0,0.0,0.0,0.0,0.0,0.0,0.0,0.0,0.0,0.0,0.0,0.0,0.0,0.0,0.0,0.0,0.0,0.0,0.0,0.0,0.0,0.0,0.0,0.0,0.0,0.0,0.0,0.0,,,,,
1085,0.0,0.0,,0.0,,0.0,0.0,0.0,,0.0,,0.0,0.0,,0.0,0.0,0.0,,0.0,0.0,0.0,0.0,0.0,0.0,,0.0,0.0,0.0,,,0.0,,0.0,0.0,0.0,,23.75,0.0,,0.0,0.0,0.0,0.0,0.0,0.0,0.0,0.0,0.0,0.0,23.75,0.0,0.0,0.0,0.0,0.0,,,,,
1088,0.0,0.0,0.0,0.0,0.0,0.0,0.0,0.0,0.0,0.0,25.0,0.0,25.0,0.0,0.0,0.0,0.0,75.0,0.0,0.0,0.0,25.0,0.0,0.0,0.0,0.0,0.0,50.0,0.0,0.0,0.0,0.0,0.0,0.0,0.0,0.0,25.0,0.0,0.0,25.0,0.0,0.0,0.0,0.0,0.0,0.0,0.0,0.0,0.0,0.0,0.0,50.0,0.0,25.0,25.0,,,,,
1090,,,,,,0.0,,,,,,,,19.2,,,,,,0.0,,,,,24.0,,,,,,,,,,,,0.0,,,,0.0,,,,,,,0.0,24.0,0.0,0.0,0.0,0.0,24.0,0.0,,,,,
1091,0.0,0.0,0.0,0.0,0.0,0.0,0.0,0.0,0.0,0.0,0.0,0.0,0.0,0.0,0.0,0.0,0.0,0.0,0.0,0.0,0.0,0.0,0.0,0.0,0.0,0.0,0.0,0.0,0.0,0.0,0.0,0.0,0.0,0.0,0.0,0.0,0.0,0.0,0.0,0.0,0.0,0.0,0.0,0.0,0.0,0.0,0.0,0.0,0.0,0.0,0.0,0.0,0.0,0.0,0.0,,,,,
1092,0.0,0.0,0.0,0.0,0.0,0.0,0.0,0.0,0.0,0.0,0.0,0.0,0.0,0.0,0.0,0.0,0.0,0.0,0.0,0.0,0.0,0.0,0.0,0.0,0.0,0.0,0.0,0.0,0.0,0.0,0.0,0.0,0.0,0.0,0.0,0.0,0.0,0.0,0.0,0.0,0.0,0.0,0.0,0.0,0.0,0.0,0.0,0.0,0.0,0.0,0.0,0.0,0.0,0.0,0.0,,,,,
1095,,,,,,,,,,,,,,,,,,,,,,,,,,,,,,,,,,,,,,,,,,,,,,0.0,0.0,,0.0,25.0,0.0,0.0,0.0,72.0,0.0,,,,,
1097,0.0,0.0,0.0,0.0,0.0,0.0,0.0,0.0,0.0,0.0,0.0,0.0,0.0,0.0,0.0,0.0,0.0,0.0,0.0,0.0,0.0,0.0,0.0,0.0,25.0,0.0,0.0,0.0,0.0,25.0,0.0,0.0,0.0,0.0,0.0,0.0,0.0,0.0,0.0,0.0,0.0,0.0,0.0,0.0,0.0,0.0,0.0,0.0,0.0,75.0,125.0,0.0,0.0,0.0,0.0,,,,,
1098,0.0,0.0,0.0,0.0,0.0,0.0,0.0,0.0,,0.0,0.0,0.0,25.0,0.0,0.0,0.0,0.0,0.0,0.0,0.0,0.0,0.0,0.0,0.0,0.0,0.0,0.0,0.0,0.0,0.0,0.0,0.0,0.0,0.0,0.0,0.0,0.0,0.0,0.0,0.0,0.0,0.0,0.0,0.0,0.0,0.0,0.0,0.0,0.0,0.0,0.0,0.0,0.0,0.0,0.0,,,,,
1101,0.0,0.0,0.0,0.0,0.0,0.0,0.0,0.0,0.0,0.0,0.0,25.0,0.0,0.0,0.0,0.0,0.0,0.0,0.0,,0.0,25.0,0.0,0.0,25.0,0.0,0.0,0.0,0.0,0.0,0.0,,0.0,0.0,0.0,,0.0,0.0,0.0,0.0,0.0,0.0,0.0,0.0,50.0,50.0,0.0,50.0,75.0,0.0,75.0,75.0,0.0,100.0,0.0,,,,,
1103,,0.0,0.0,0.0,0.0,0.0,,0.0,0.0,0.0,0.0,,18.0,0.0,0.0,0.0,0.0,0.0,18.0,0.0,0.0,0.0,0.0,0.0,0.0,0.0,,0.0,0.0,0.0,18.0,0.0,0.0,0.0,0.0,0.0,0.0,0.0,0.0,0.0,0.0,0.0,0.0,0.0,0.0,0.0,0.0,0.0,18.0,0.0,0.0,0.0,0.0,0.0,0.0,,,,,
1104,0.0,,,,0.0,0.0,,,,,0.0,,11.025,,0.0,,,0.0,,,,0.0,,0.0,,0.0,,,0.0,,0.0,,,0.0,,,,,,0.0,0.0,0.0,0.0,0.0,,,,,0.0,0.0,0.0,0.0,0.0,0.0,0.0,,,,,
1105,0.0,0.0,,0.0,0.0,0.0,,0.0,0.0,,0.0,,11.25,,0.0,0.0,,0.0,0.0,,,0.0,,0.0,,0.0,,0.0,0.0,,0.0,,,0.0,,,,,,0.0,0.0,,0.0,,,,,,0.0,0.0,0.0,0.0,0.0,0.0,0.0,,,,,
1107,,,0.0,,0.0,0.0,0.0,,,0.0,120.0,0.0,,,0.0,24.0,0.0,24.0,,0.0,0.0,0.0,,0.0,0.0,0.0,,0.0,0.0,,,,,0.0,48.0,,24.0,,0.0,24.0,0.0,0.0,0.0,0.0,0.0,24.0,0.0,24.0,48.0,72.0,0.0,0.0,,0.0,24.0,,,,,
1108,,,,,,,,,,,,,135.0,0.0,0.0,0.0,0.0,0.0,0.0,0.0,0.0,0.0,0.0,0.0,54.0,0.0,0.0,0.0,0.0,0.0,0.0,0.0,0.0,0.0,0.0,0.0,0.0,0.0,0.0,0.0,0.0,0.0,0.0,0.0,0.0,0.0,0.0,0.0,0.0,0.0,0.0,0.0,0.0,0.0,0.0,,,,,
1109,,,,,,,,,,,,,756.0,0.0,0.0,0.0,729.0,0.0,0.0,0.0,0.0,0.0,0.0,0.0,756.0,0.0,0.0,0.0,0.0,0.0,0.0,0.0,0.0,0.0,0.0,0.0,0.0,0.0,0.0,351.0,0.0,0.0,0.0,0.0,0.0,0.0,0.0,0.0,0.0,0.0,0.0,0.0,0.0,0.0,0.0,,,,,
1110,0.0,0.0,0.0,,0.0,0.0,,0.0,,0.0,0.0,,0.0,0.0,0.0,0.0,,0.0,0.0,,0.0,0.0,,0.0,,0.0,,0.0,,0.0,0.0,,,0.0,,0.0,,0.0,,0.0,0.0,0.0,0.0,17.5,,0.0,,23.75,0.0,0.0,0.0,0.0,23.75,0.0,0.0,,,,,
1111,,,,,,,,,,,,,,,,,,,,,,,,,,,,,,,0.0,,,,,,,,,,0.0,,,6.0,,,,,0.0,0.0,0.0,0.0,0.0,0.0,0.0,,,,,
1115,,,,,,,,,,,,,,,,,,,,,,,,,,,,,,,,,,,,0.0,,0.0,,0.0,0.0,0.0,0.0,0.0,0.0,0.0,0.0,0.0,23.75,,0.0,0.0,0.0,0.0,0.0,,,,,
1117,,0.0,0.0,0.0,0.0,0.0,0.0,0.0,,0.0,0.0,0.0,0.0,0.0,0.0,0.0,0.0,,23.0,,0.0,0.0,0.0,0.0,23.0,0.0,0.0,,23.0,0.0,,0.0,0.0,0.0,0.0,0.0,,0.0,0.0,0.0,23.0,0.0,0.0,0.0,23.0,0.0,0.0,0.0,23.0,0.0,0.0,0.0,23.0,0.0,0.0,,,,,
1118,0.0,,,0.0,,0.0,,,,0.0,,,,0.0,0.0,0.0,,0.0,,24.0,0.0,,0.0,,,0.0,,,,24.0,,24.0,0.0,,,,,24.0,,,0.0,0.0,,0.0,24.0,,,0.0,0.0,0.0,24.0,0.0,24.0,0.0,0.0,,,,,
1120,,,,,,,,,,,,,,,,,,,,,,,,,,,,,,,,,,,,,,,,0.0,0.0,23.0,0.0,0.0,,0.0,23.0,,,0.0,,,23.0,0.0,0.0,,,,,
1122,,0.0,0.0,,,0.0,0.0,,0.0,,,23.75,47.5,37.5,,23.75,,47.5,47.5,,,,,,0.0,0.0,,0.0,,,71.25,23.75,,,,,,23.75,23.75,0.0,0.0,0.0,47.5,23.75,23.75,0.0,0.0,0.0,47.5,23.75,47.5,0.0,0.0,71.25,23.75,,,,,
1123,0.0,,,,,,,,,,,0.0,,,,0.0,0.0,0.0,0.0,0.0,0.0,0.0,0.0,0.0,54.0,0.0,0.0,0.0,0.0,,,0.0,0.0,0.0,0.0,0.0,0.0,0.0,0.0,0.0,0.0,0.0,0.0,0.0,0.0,0.0,,,0.0,0.0,0.0,0.0,0.0,0.0,0.0,,,,,
1124,0.0,0.0,0.0,0.0,0.0,0.0,0.0,0.0,0.0,0.0,0.0,0.0,25.0,25.0,0.0,0.0,0.0,0.0,100.0,25.0,0.0,0.0,0.0,125.0,25.0,0.0,0.0,0.0,0.0,100.0,50.0,0.0,0.0,0.0,0.0,100.0,0.0,0.0,0.0,0.0,0.0,100.0,25.0,0.0,0.0,0.0,50.0,75.0,0.0,0.0,0.0,0.0,150.0,70.0,0.0,,,,,
1126,0.0,0.0,0.0,0.0,,,0.0,,0.0,0.0,0.0,,0.0,,0.0,,0.0,,,0.0,,,0.0,,0.0,,,0.0,,,,,0.0,,,0.0,,0.0,,0.0,0.0,0.0,0.0,0.0,0.0,0.0,0.0,0.0,0.0,0.0,0.0,0.0,,23.75,0.0,,,,,
1127,0.0,0.0,0.0,0.0,0.0,0.0,0.0,0.0,0.0,0.0,361.0,0.0,1517.0,0.0,2560.0,480.0,480.0,0.0,0.0,0.0,0.0,0.0,0.0,480.0,1080.0,0.0,0.0,0.0,0.0,0.0,0.0,0.0,0.0,0.0,0.0,0.0,810.0,0.0,0.0,0.0,0.0,200.0,0.0,0.0,0.0,0.0,0.0,0.0,0.0,0.0,0.0,0.0,0.0,0.0,0.0,,,,,
1128,,0.0,0.0,0.0,0.0,0.0,0.0,0.0,0.0,0.0,0.0,,0.0,,0.0,0.0,0.0,0.0,18.0,0.0,0.0,36.0,18.0,72.0,36.0,0.0,18.0,0.0,0.0,,0.0,0.0,36.0,0.0,0.0,18.0,0.0,18.0,0.0,0.0,0.0,0.0,0.0,0.0,0.0,0.0,18.0,0.0,0.0,18.0,18.0,0.0,18.0,0.0,18.0,,,,,
1129,0.0,0.0,0.0,,0.0,,0.0,,,,,0.0,,,0.0,,,0.0,,0.0,,,,,0.0,,,0.0,0.0,,,0.0,,,0.0,,0.0,,,0.0,0.0,,0.0,0.0,,0.0,,,0.0,0.0,0.0,0.0,0.0,0.0,0.0,,,,,
1133,,,,,,,,,,,,0.0,,,,,,,,,,,,,,,,,,,,,,,,,0.0,0.0,0.0,0.0,0.0,0.0,0.0,0.0,0.0,0.0,0.0,0.0,0.0,0.0,0.0,0.0,0.0,0.0,0.0,,,,,
1134,0.0,0.0,0.0,,,,,0.0,,,,0.0,0.0,,0.0,,,,,,0.0,,0.0,0.0,0.0,0.0,,0.0,,,0.0,,,,25.0,25.0,0.0,23.75,0.0,0.0,,0.0,0.0,0.0,,,23.75,23.75,47.5,0.0,0.0,0.0,0.0,0.0,23.75,,,,23.75,23.75
1136,,,,,,,,,,,,,,,,,,0.0,0.0,0.0,0.0,,0.0,,,0.0,0.0,0.0,,,,,,0.0,0.0,0.0,0.0,0.0,0.0,0.0,0.0,0.0,0.0,0.0,0.0,0.0,0.0,0.0,0.0,0.0,0.0,0.0,0.0,0.0,0.0,,,,,
1141,0.0,0.0,0.0,0.0,0.0,0.0,0.0,0.0,0.0,0.0,0.0,0.0,0.0,0.0,0.0,0.0,0.0,0.0,0.0,0.0,0.0,0.0,0.0,0.0,,,,,,,,,0.0,,,,0.0,0.0,0.0,0.0,0.0,0.0,0.0,0.0,0.0,0.0,0.0,0.0,0.0,50.0,100.0,0.0,100.0,75.0,0.0,,,,,
1143,0.0,,0.0,0.0,0.0,0.0,0.0,,0.0,0.0,,,0.0,0.0,,0.0,,,0.0,,0.0,,0.0,,0.0,,,0.0,,,,0.0,,0.0,0.0,,,0.0,0.0,0.0,0.0,0.0,0.0,0.0,,0.0,0.0,0.0,0.0,23.75,0.0,23.75,0.0,0.0,0.0,,,,,
1145,0.0,0.0,0.0,0.0,0.0,0.0,0.0,0.0,0.0,0.0,0.0,0.0,27.0,0.0,0.0,0.0,0.0,0.0,0.0,0.0,0.0,0.0,0.0,0.0,27.0,0.0,0.0,0.0,0.0,0.0,0.0,0.0,0.0,0.0,0.0,0.0,0.0,0.0,0.0,0.0,0.0,0.0,0.0,0.0,0.0,0.0,0.0,0.0,0.0,0.0,0.0,0.0,0.0,0.0,0.0,,,,,
1146,,,0.0,,,,0.0,,,,,,,10.0,,,,,10.0,,,,0.0,,,,,,,,0.0,,,,,,,0.0,,0.0,0.0,0.0,0.0,0.0,10.0,0.0,0.0,0.0,0.0,10.0,0.0,0.0,0.0,0.0,0.0,,,,,
1147,0.0,0.0,0.0,0.0,0.0,,0.0,0.0,0.0,0.0,0.0,20.0,,0.0,20.0,20.0,20.0,,40.0,0.0,20.0,0.0,0.0,20.0,,23.75,23.75,23.75,23.75,40.0,0.0,0.0,0.0,,,23.75,0.0,,23.75,0.0,0.0,0.0,0.0,23.275,23.75,24.0,0.0,0.0,0.0,0.0,23.75,0.0,0.0,24.0,0.0,23.75,,,,
1150,,0.0,,,0.0,,,,0.0,,,,0.0,,,,0.0,,,,,0.0,,,0.0,,0.0,,,,,24.5,,,0.0,,,0.0,,,24.5,,0.0,0.0,,,0.0,,0.0,0.0,0.0,0.0,0.0,0.0,0.0,,,,,
1156,0.0,,0.0,0.0,0.0,,,0.0,,0.0,,,,0.0,0.0,,0.0,0.0,,,0.0,,0.0,,0.0,,24.5,0.0,0.0,,,,,,0.0,0.0,,,0.0,0.0,24.5,24.5,0.0,0.0,0.0,0.0,0.0,0.0,0.0,0.0,0.0,0.0,24.5,0.0,0.0,,,,,
1158,0.0,0.0,0.0,0.0,0.0,0.0,0.0,0.0,0.0,0.0,0.0,0.0,81.0,0.0,27.0,0.0,0.0,81.0,0.0,0.0,0.0,0.0,0.0,0.0,27.0,0.0,0.0,0.0,,,,0.0,0.0,,27.0,,,,,,0.0,,0.0,,0.0,,0.0,,0.0,0.0,0.0,0.0,0.0,0.0,0.0,,,,,
1161,,,,,,,,,,,,,,,,,,,,,,,,,,,,,,,,,,,,,,,,,,120.0,48.0,48.0,120.0,24.0,,,,,,,0.0,72.0,24.0,120.0,96.0,,,
1162,,,,0.0,0.0,0.0,0.0,0.0,0.0,,,,,,36.0,36.0,18.0,36.0,54.0,36.0,36.0,18.0,,,,,18.0,18.0,,36.0,54.0,18.0,54.0,36.0,0.0,,,,18.0,0.0,36.0,54.0,36.0,36.0,36.0,36.0,36.0,,0.0,,0.0,36.0,18.0,18.0,18.0,36.0,54.0,36.0,36.0,
1174,,,,,,,,0.0,,,,,,,,,0.0,,,,,,,0.0,,,,,0.0,,,0.0,,0.0,,,,,,0.0,0.0,0.0,,,0.0,0.0,,0.0,0.0,0.0,0.0,0.0,0.0,0.0,0.0,,,,,
1176,,,,,,,,,,,,0.0,54.0,0.0,0.0,0.0,0.0,0.0,0.0,0.0,0.0,0.0,0.0,0.0,27.0,0.0,,,,,,,,,,0.0,0.0,0.0,0.0,0.0,0.0,0.0,0.0,0.0,0.0,0.0,0.0,0.0,0.0,0.0,0.0,0.0,0.0,0.0,0.0,,,,,
1177,,,,,,,,,,0.0,0.0,0.0,,,,,,,,0.0,,,,,0.0,0.0,0.0,0.0,0.0,0.0,0.0,0.0,0.0,0.0,0.0,0.0,,,,,,,,,,,,0.0,,,0.0,0.0,0.0,0.0,0.0,,,,,
1179,,,,,,,,,,,,,,,,,,,,,,,0.0,0.0,0.0,,0.0,0.0,0.0,,0.0,0.0,,0.0,0.0,0.0,,0.0,0.0,0.0,0.0,0.0,0.0,0.0,0.0,0.0,,0.0,0.0,0.0,0.0,0.0,0.0,0.0,0.0,,,,,
1182,,,,,,,,,,,,,,,,,,,,,,,,,24.5,,24.5,,,0.0,24.5,15.925,,24.5,0.0,,24.5,24.5,0.0,0.0,17.15,24.5,24.5,0.0,24.5,24.5,24.5,17.15,49.0,0.0,0.0,17.15,49.0,24.5,0.0,,,,,
1183,,,,,,,,,,,,,,,,,,,,,,,,,0.0,,0.0,,,,,7.5,,,,,,,,0.0,7.5,0.0,0.0,0.0,7.5,0.0,0.0,7.5,0.0,0.0,0.0,7.5,0.0,0.0,0.0,,,,,
1184,,,,,,,,,,,,,,,,,,,,,,,,,0.0,0.0,0.0,25.0,0.0,0.0,20.0,0.0,175.0,20.0,0.0,0.0,0.0,0.0,50.0,0.0,0.0,0.0,0.0,207.0,0.0,115.0,0.0,0.0,0.0,0.0,0.0,0.0,0.0,115.0,250.0,,,,,
1190,,,,,,,,,,,,,,,,,,,,,,,,,,,,,,,,,,,,,0.0,0.0,56.0,140.0,140.0,112.0,298.0,0.0,243.0,138.0,189.0,54.0,54.0,81.0,324.0,0.0,189.0,0.0,0.0,,,,,
1192,,,,,,,,,,,,,,,,,,,,,,,,,,,,,,,,,,,,,0.0,0.0,0.0,0.0,0.0,825.0,0.0,0.0,0.0,275.0,0.0,50.0,0.0,0.0,0.0,0.0,0.0,0.0,0.0,,,,,
1195,,,,,,,,,,,,,,,,,,,,,,,,,,,,,,,,,,,,,0.0,0.0,,,0.0,,0.0,,,,,0.0,0.0,0.0,0.0,0.0,0.0,0.0,0.0,,,,,
